athlete_id,age,team_id,game_id,sport_id,event_id,medal
8,18,705,12,7,12,
8,18,705,12,7,13,
454,19,1096,12,7,143,G
704,27,96,12,14,289,
704,27,96,12,14,289,
842,48,1096,12,14,289,
875,23,96,12,24,343,
891,20,1096,12,29,290,
909,26,362,12,7,115,
955,21,799,12,9,19,
1192,23,507,12,24,57,B
1192,23,507,12,24,58,S
1333,21,350,12,27,111,B
1359,25,1012,12,27,109,S
1510,50,413,12,14,289,
1619,20,117,12,11,334,G
2253,19,656,12,7,181,
2549,24,507,12,27,92,
2552,24,1096,12,24,105,B
2553,26,399,12,22,157,S
2553,26,399,12,22,98,
2660,21,799,12,9,107,
2777,47,399,12,14,211,
2864,30,487,12,21,120,G
2868,19,1096,12,29,290,
3098,27,1012,12,27,111,
3155,NA,656,12,13,25,
3155,NA,656,12,13,27,
3155,NA,656,12,13,508,
3179,NA,656,12,7,116,
3179,NA,656,12,7,143,
3325,45,982,12,11,340,B
3400,NA,138,12,20,43,
3688,25,273,12,7,142,
3726,21,273,12,29,75,
3759,17,273,12,9,294,
3759,17,273,12,9,350,
3828,25,1096,12,7,198,G
3922,46,1012,12,26,64,
4160,75,1096,12,14,489,
4319,41,399,12,14,289,
4319,41,399,12,14,289,
4319,41,399,12,14,289,
4319,41,399,12,14,289,
4351,21,656,12,33,110,
4434,22,514,12,7,104,
4434,22,514,12,7,67,
4460,40,507,12,24,106,S
4499,40,399,12,14,30,
4792,NA,514,12,14,289,
4795,NA,656,12,27,92,
4856,17,514,12,9,294,
4856,17,514,12,9,231,
4927,19,174,12,24,343,
4963,NA,656,12,18,95,
4998,25,1012,12,7,116,
4998,25,1012,12,7,115,
5027,36,1096,12,25,297,
5027,36,1096,12,25,298,G
5035,NA,656,12,7,116,
5035,NA,656,12,7,143,
5146,68,413,12,14,289,
5146,68,413,12,14,289,
5147,45,1096,12,14,289,
5526,36,382,12,11,334,S
5613,21,413,12,22,98,
5618,NA,487,12,21,120,G
5634,50,1012,12,14,289,
5634,50,1012,12,14,289,
5710,40,1017,12,11,344,B
6292,18,45,12,27,90,S
6564,25,1096,12,17,118,
6628,23,477,12,7,181,
6628,23,477,12,7,224,
6651,29,413,12,22,157,G
6763,NA,982,12,26,64,
6891,26,413,12,7,74,
6891,26,413,12,7,167,
6929,43,362,12,14,212,G
6929,43,362,12,14,489,
6929,43,362,12,14,489,
7035,37,1096,12,14,211,
7035,37,1096,12,14,289,
7176,27,259,12,14,489,
7280,29,174,12,7,116,
7280,29,174,12,7,143,B
7316,29,507,12,22,98,S
7330,53,1096,12,14,289,
7384,38,399,12,14,489,
7384,38,399,12,14,489,
7404,14,96,12,14,289,
7404,14,96,12,14,289,
7404,14,96,12,14,289,
7404,14,96,12,14,289,
7405,58,96,12,14,289,
7443,NA,514,12,22,208,
7684,24,477,12,9,107,
7684,24,477,12,9,108,B
7696,29,477,12,26,64,
7733,22,1096,12,7,68,
7759,29,507,12,22,98,S
7925,22,413,12,33,110,
7926,22,350,12,27,73,
8126,NA,656,12,25,297,
8210,29,507,12,22,98,S
8220,36,477,12,20,43,G
8246,19,1096,12,27,90,G
8300,25,1096,12,7,163,
8318,28,507,12,7,167,
8328,20,967,12,27,111,
8368,46,810,12,14,289,
8377,27,66,12,7,50,
8474,22,1096,12,13,487,G
8622,28,507,12,14,489,
8698,26,399,12,22,98,
8713,35,399,12,14,307,G
8778,43,399,12,14,289,
8781,61,413,12,14,289,
8781,61,413,12,14,289,
8781,61,413,12,14,289,
8781,61,413,12,14,289,
8781,61,413,12,14,289,
8781,61,413,12,14,289,
8808,NA,567,12,14,289,
8808,NA,567,12,14,289,
8808,NA,567,12,14,289,
8820,26,1096,12,7,224,G
9004,21,1096,12,14,289,
9017,65,1096,12,14,289,
9017,65,1096,12,14,289,
9017,65,1096,12,14,289,
9038,24,1096,12,7,101,S
9122,24,507,12,7,50,G
9368,24,362,12,7,142,
9411,21,399,12,11,340,
9694,45,399,12,14,432,
9736,49,1096,12,14,289,
9736,49,1096,12,14,289,
9801,30,507,12,14,289,
9801,30,507,12,14,289,
9989,29,399,12,22,98,
10008,33,399,12,20,43,S
10137,27,477,12,33,110,
10137,27,477,12,24,57,
10220,70,1096,12,14,289,
10220,70,1096,12,14,289,
10220,70,1096,12,14,289,
10220,70,1096,12,14,289,
10220,70,1096,12,14,289,
10220,70,1096,12,14,289,
10220,70,1096,12,14,289,
10220,70,1096,12,14,289,
10220,70,1096,12,14,289,
10220,70,1096,12,14,289,
10220,70,1096,12,14,289,
10332,52,399,12,14,289,
10332,52,399,12,14,289,
10332,52,399,12,14,289,
10345,33,413,12,22,157,G
10376,22,1012,12,29,75,
10376,22,1012,12,29,76,B
10437,21,705,12,7,104,
10437,21,705,12,7,148,
10446,26,399,12,27,335,
10541,31,117,12,11,334,G
10755,25,399,12,27,90,
10778,22,45,12,7,104,
10778,22,45,12,7,68,
10778,22,45,12,7,224,
10794,35,794,12,14,649,
10860,23,1096,12,29,290,
10883,35,507,12,14,30,
10961,21,507,12,17,118,
11140,44,1096,12,14,620,
11250,21,45,12,7,104,
11250,21,45,12,7,148,
11271,18,507,12,27,109,
11296,20,33,12,11,61,G
11663,39,1012,12,14,489,
11663,39,1012,12,14,489,
11663,39,1012,12,14,489,
11663,39,1012,12,14,489,
11766,NA,1096,12,14,489,
11784,30,1096,12,14,289,
11791,21,1096,12,13,27,
11792,45,1096,12,14,289,
11792,45,1096,12,14,289,
11792,45,1096,12,14,289,
11792,45,1096,12,14,289,
11792,45,1096,12,14,289,
11792,45,1096,12,14,289,
11867,22,1096,12,13,26,G
11991,24,716,12,7,148,
11991,24,716,12,7,116,
12050,39,1096,12,14,30,
12056,22,1096,12,22,98,G
12058,20,1096,12,14,474,G
12058,20,1096,12,14,289,
12294,21,273,12,24,56,
12294,21,273,12,24,105,
12294,21,273,12,24,58,
12294,21,273,12,24,153,
12294,21,273,12,24,106,
12296,44,1096,12,14,289,
12326,30,1012,12,14,30,
12326,30,1012,12,14,30,
12380,24,1096,12,14,474,
12380,24,1096,12,14,289,
12380,24,1096,12,14,289,
12380,24,1096,12,14,289,
12380,24,1096,12,14,289,
12380,24,1096,12,14,289,
12380,24,1096,12,14,289,
12380,24,1096,12,14,289,
12380,24,1096,12,14,289,
12380,24,1096,12,14,289,
12380,24,1096,12,14,289,
12380,24,1096,12,14,289,
12380,24,1096,12,14,289,
12380,24,1096,12,14,289,
12380,24,1096,12,14,289,
12380,24,1096,12,14,289,
12380,24,1096,12,14,289,
12380,24,1096,12,14,289,
12440,24,174,12,22,98,B
12506,31,656,12,25,295,
12506,31,656,12,25,296,
12550,49,71,12,14,30,
12584,21,1096,12,21,120,B
12590,51,399,12,14,620,
12658,29,399,12,14,289,
12658,29,399,12,14,289,
12675,40,705,12,14,620,
12700,26,399,12,22,113,S
12750,25,477,12,24,343,B
12821,42,399,12,14,289,
12835,46,259,12,14,307,
12911,23,487,12,21,120,G
12948,48,273,12,14,30,
12948,48,273,12,14,30,
13033,28,1012,12,25,362,
13033,28,1012,12,25,363,S
13151,27,362,12,24,105,G
13224,30,507,12,26,65,
13275,22,507,12,13,28,S
13358,21,1096,12,9,108,S
13381,19,1096,12,27,109,B
13406,27,399,12,7,148,
13406,27,399,12,7,67,S
13435,59,1096,12,14,289,
13435,59,1096,12,14,289,
13435,59,1096,12,14,289,
13435,59,1096,12,14,289,
13435,59,1096,12,14,289,
13435,59,1096,12,14,289,
13472,27,507,12,14,289,
13472,27,507,12,14,289,
13596,24,477,12,13,21,
13596,24,477,12,13,22,
13596,24,477,12,13,23,
13596,24,477,12,13,24,
13596,24,477,12,13,28,
13596,24,477,12,13,487,
13607,46,810,12,14,429,
13643,20,507,12,29,290,G
13675,46,810,12,14,289,
13771,61,399,12,14,30,
13853,49,362,12,14,30,
13996,21,362,12,24,56,
13996,21,362,12,24,105,G
14053,25,180,12,11,334,B
14131,22,174,12,9,107,
14131,22,174,12,9,108,
14131,22,174,12,9,150,
14280,25,1096,12,7,181,
14446,56,273,12,14,620,
14448,41,273,12,14,307,
14469,27,507,12,22,98,S
14485,29,1096,12,14,30,
14499,36,1096,12,25,295,
14499,36,1096,12,25,296,
14525,27,1096,12,33,110,
14537,30,138,12,26,64,
14607,NA,138,12,20,43,
14688,45,1096,12,14,211,
14754,21,399,12,7,13,
14754,21,399,12,7,300,
14754,21,399,12,7,230,
14754,21,399,12,7,70,S
14763,21,810,12,22,114,S
14763,21,810,12,22,208,B
14822,33,138,12,7,50,
14929,24,399,12,18,255,G
15011,22,487,12,21,120,G
15014,29,1096,12,21,120,B
15050,28,174,12,7,144,
15050,28,174,12,7,142,
15193,26,1012,12,29,75,B
15193,26,1012,12,29,76,B
15286,24,477,12,20,43,G
15332,53,399,12,14,489,
15472,67,1096,12,14,289,
15539,22,174,12,7,67,
15615,48,1096,12,14,289,
15680,24,1096,12,24,153,
15680,24,1096,12,24,106,
15754,44,1096,12,14,307,
15773,24,362,12,22,114,B
15783,25,507,12,26,64,
15835,32,362,12,22,114,B
16007,65,1096,12,14,30,
16018,38,362,12,24,57,S
16018,38,362,12,24,58,G
16059,27,399,12,7,116,
16059,27,399,12,7,143,
16169,27,810,12,22,79,B
16248,21,399,12,22,113,S
16365,38,1096,12,14,289,
16365,38,1096,12,14,289,
16365,38,1096,12,14,289,
16396,19,66,12,9,294,
16396,19,66,12,9,350,
16537,53,413,12,14,289,
16537,53,413,12,14,289,
16557,27,413,12,7,101,
16557,27,413,12,7,115,
16557,27,413,12,7,143,S
16663,36,33,12,11,61,G
16673,60,413,12,14,289,
16673,60,413,12,14,289,
16686,55,1096,12,14,30,
16689,24,413,12,7,74,
16740,NA,174,12,9,15,
16740,NA,174,12,9,292,
16740,NA,174,12,9,108,
16930,NA,413,12,24,343,
16933,22,413,12,29,75,
16933,22,413,12,29,76,
16965,42,399,12,14,289,
17071,28,810,12,14,429,
17093,26,1096,12,14,289,
17102,38,477,12,14,289,
17104,38,1012,12,25,362,
17104,38,1012,12,25,363,S
17137,20,656,12,27,82,S
17230,25,1012,12,18,166,B
17247,17,1096,12,9,409,
17493,17,174,12,27,82,
17499,32,1096,12,24,105,B
17499,32,1096,12,24,57,
17499,32,1096,12,24,58,B
17522,44,982,12,26,65,
17596,27,656,12,7,163,
17759,20,399,12,27,111,S
17875,27,656,12,24,56,
17875,27,656,12,24,105,
17955,43,705,12,14,289,
17964,29,507,12,26,64,
18099,23,507,12,13,21,
18099,23,507,12,13,22,G
18099,23,507,12,13,23,
18099,23,507,12,13,27,
18104,17,45,12,9,19,
18193,26,138,12,7,144,
18213,44,1012,12,14,30,
18222,18,1096,12,7,13,G
18228,39,33,12,11,61,G
18252,69,273,12,14,30,
18252,69,273,12,14,30,
18252,69,273,12,14,30,
18252,69,273,12,14,30,
18252,69,273,12,14,30,
18252,69,273,12,14,30,
18252,69,273,12,14,30,
18252,69,273,12,14,30,
18252,69,273,12,14,30,
18252,69,273,12,14,30,
18252,69,273,12,14,30,
18252,69,273,12,14,30,
18281,27,507,12,7,143,
18285,41,1012,12,14,30,
18309,27,382,12,11,334,S
18315,21,1012,12,27,92,B
18364,25,1096,12,13,24,B
18471,22,1096,12,7,116,G
18471,22,1096,12,7,143,G
18475,21,487,12,21,120,G
18475,21,487,12,7,67,
18489,26,1096,12,26,65,
18614,NA,967,12,27,335,G
18669,20,362,12,9,19,
18828,36,399,12,24,56,
18828,36,399,12,24,153,
18910,24,507,12,7,67,B
19007,NA,138,12,26,64,
19009,52,982,12,26,64,
19065,31,448,12,7,68,
19087,40,362,12,24,56,
19087,40,362,12,24,105,G
19087,40,362,12,24,57,
19087,40,362,12,24,58,G
19204,22,507,12,29,75,
19523,27,45,12,7,144,
19523,27,45,12,7,142,
19569,18,362,12,29,202,S
19569,18,362,12,29,379,G
19602,21,1096,12,9,150,
19626,45,1096,12,25,295,S
19626,45,1096,12,25,296,
19626,45,1096,12,25,297,
19626,45,1096,12,25,298,G
19627,59,1096,12,14,30,
19632,25,413,12,29,202,
19632,25,413,12,29,379,S
19637,21,413,12,29,379,S
19716,26,487,12,21,120,G
19723,NA,487,12,7,67,
19723,NA,487,12,7,181,
19729,21,1096,12,22,98,G
19828,33,1096,12,14,289,
19828,33,1096,12,14,289,
19828,33,1096,12,14,289,
19829,45,1096,12,14,289,
19829,45,1096,12,14,289,
19890,24,1096,12,7,224,
19920,24,66,12,9,15,
19920,24,66,12,9,292,
19970,26,362,12,18,95,
20846,23,1096,12,7,332,
20931,22,514,12,7,116,
20931,22,514,12,7,115,
20950,22,362,12,29,75,
20950,22,362,12,29,76,
20950,22,362,12,29,290,S
21241,25,273,12,29,252,
21241,25,273,12,29,379,B
21332,NA,96,12,14,289,
21456,21,1096,12,7,163,
21457,36,33,12,11,61,G
21545,NA,174,12,7,332,
21590,20,507,12,29,290,G
21634,31,507,12,22,98,S
21754,21,1096,12,20,43,B
21764,52,399,12,14,289,
21798,26,1096,12,22,79,
21819,22,967,12,7,12,
21819,22,967,12,7,426,B
21819,22,967,12,7,300,
21831,58,1096,12,14,289,
21831,58,1096,12,14,289,
21838,26,1096,12,22,79,
21981,53,362,12,14,30,
22005,23,419,12,7,47,
22063,21,413,12,22,79,G
22065,28,1096,12,18,204,
22087,23,656,12,7,163,
22200,55,1096,12,14,30,
22200,55,1096,12,14,30,
22237,34,1096,12,21,120,B
22239,21,1096,12,7,224,
22276,25,1096,12,24,153,
22276,25,1096,12,24,106,
22347,20,1096,12,30,219,G
22347,20,1096,12,30,146,S
22348,45,1096,12,14,289,
22371,NA,96,12,14,289,
22430,28,498,12,14,289,
22588,57,1096,12,14,289,
22617,NA,362,12,29,75,
22618,40,382,12,11,334,S
22672,53,1096,12,14,620,
22687,22,1096,12,29,75,
22687,22,1096,12,29,76,
22702,22,1096,12,13,487,B
22707,23,1096,12,7,117,
22726,NA,96,12,14,289,
22738,27,507,12,29,252,
22880,26,716,12,22,98,
22921,21,33,12,11,61,G
22942,23,413,12,9,294,
22942,23,413,12,9,350,
22942,23,413,12,9,231,B
22942,23,413,12,9,169,
22975,27,1096,12,7,230,G
23020,25,1096,12,24,57,
23041,26,399,12,20,43,S
23085,27,507,12,24,57,G
23085,27,507,12,24,58,S
23109,22,413,12,7,50,S
23152,35,982,12,26,65,
23152,35,982,12,26,64,
23271,25,507,12,22,157,B
23359,22,507,12,9,15,
23359,22,507,12,9,292,
23448,21,174,12,7,115,
23480,26,174,12,22,157,
23491,65,1096,12,14,289,
23529,38,1096,12,14,620,
23596,21,716,12,22,208,
23625,24,1096,12,9,15,G
23625,24,1096,12,9,292,
23655,55,498,12,14,289,
23679,49,1096,12,14,489,
23695,53,1096,12,14,30,
23766,NA,656,12,7,68,
23799,46,892,12,11,61,S
23837,39,861,12,14,649,
23837,39,861,12,14,649,
23847,19,1096,12,9,292,B
23926,22,1096,12,7,332,
23929,40,1096,12,14,474,S
23929,40,1096,12,14,289,
23929,40,1096,12,14,289,
23929,40,1096,12,14,289,
23929,40,1096,12,14,289,
23929,40,1096,12,14,289,
23999,23,1096,12,7,50,
24047,NA,656,12,27,90,
24188,21,174,12,7,142,
24218,NA,249,12,14,620,
24287,19,1096,12,13,21,
24287,19,1096,12,13,22,S
24287,19,1096,12,13,23,
24287,19,1096,12,13,28,
24314,41,413,12,14,289,
24336,22,1096,12,7,50,
24372,NA,656,12,30,84,
24536,NA,810,12,14,289,
24652,20,138,12,22,98,
24709,NA,138,12,7,142,
24718,NA,138,12,20,43,
24743,36,138,12,26,65,
24798,NA,96,12,14,30,
24799,NA,96,12,14,30,
24833,29,742,12,18,165,
24982,27,567,12,7,332,S
25024,19,705,12,7,13,
25039,35,174,12,24,56,
25039,35,174,12,24,57,
25039,35,174,12,24,58,
25163,47,45,12,26,64,
25196,30,1096,12,14,596,
25196,30,1096,12,14,289,
25310,65,362,12,14,289,
25316,26,477,12,24,343,
25319,23,399,12,7,119,
25346,26,477,12,7,29,
25490,26,1096,12,20,43,B
25554,45,1096,12,14,289,
25563,46,362,12,14,289,
25563,46,362,12,14,289,
25652,20,413,12,9,294,
25652,20,413,12,9,231,B
25652,20,413,12,9,169,B
25658,NA,656,12,7,117,
25719,47,33,12,11,61,G
25775,19,174,12,7,300,B
25791,25,1096,12,7,167,
25840,22,507,12,22,157,B
25845,26,138,12,22,98,
25860,27,138,12,7,104,
25867,24,656,12,7,116,
25867,24,656,12,7,143,
25925,29,96,12,24,57,
25925,29,96,12,24,58,
25942,31,705,12,24,343,
25944,NA,96,12,14,489,
25961,22,96,12,24,56,
25961,22,96,12,24,153,
25968,41,138,12,22,114,
25983,24,399,12,7,142,
25994,24,138,12,22,98,
25999,25,1096,12,24,58,B
26014,30,138,12,22,98,
26026,20,138,12,22,208,
26027,21,138,12,7,47,
26133,32,1019,12,24,56,
26133,32,1019,12,24,57,
26169,29,816,12,33,110,
26202,30,705,12,24,56,
26202,30,705,12,24,57,
26202,30,705,12,24,153,
26339,63,413,12,14,289,
26366,42,225,12,14,620,
26385,NA,138,12,20,43,
26431,32,310,12,14,649,
26431,32,310,12,14,649,
26431,32,310,12,14,649,
26431,32,310,12,14,649,
26459,22,174,12,22,113,B
26461,NA,96,12,14,30,
26461,NA,96,12,14,30,
26461,NA,96,12,14,30,
26461,NA,96,12,14,30,
26489,30,507,12,7,143,
26531,NA,138,12,9,150,
26676,NA,816,12,33,110,
26676,NA,816,12,26,65,
26734,34,507,12,24,153,
26734,34,507,12,24,106,S
26814,49,982,12,14,649,
26819,28,1096,12,21,120,B
26840,23,1096,12,7,74,
27003,20,1096,12,30,279,B
27013,22,96,12,14,289,
27013,22,96,12,14,289,
27013,22,96,12,14,289,
27013,22,96,12,14,289,
27013,22,96,12,14,289,
27013,22,96,12,14,289,
27013,22,96,12,14,289,
27013,22,96,12,14,289,
27096,28,507,12,22,98,S
27111,NA,1096,12,14,620,
27150,NA,45,12,7,119,
27150,NA,45,12,7,50,
27222,30,174,12,24,58,
27262,32,656,12,24,57,
27262,32,656,12,24,58,
27262,32,656,12,24,153,
27262,32,656,12,24,106,
27422,37,96,12,14,30,
27422,37,96,12,14,30,
27475,41,96,12,14,30,
27542,14,705,12,9,294,S
27542,14,705,12,9,231,S
27599,61,362,12,14,289,
27599,61,362,12,14,289,
27629,16,66,12,9,409,G
27654,21,1096,12,13,27,S
27689,25,362,12,18,193,
27759,NA,96,12,14,489,
28049,56,362,12,14,30,
28278,NA,656,12,29,75,
28396,21,1096,12,7,426,G
28396,21,1096,12,7,300,S
28396,21,1096,12,7,70,G
28407,48,1096,12,14,289,
28407,48,1096,12,14,289,
28407,48,1096,12,14,289,
28407,48,1096,12,14,289,
28407,48,1096,12,14,289,
28407,48,1096,12,14,289,
28407,48,1096,12,14,289,
28407,48,1096,12,14,289,
28407,48,1096,12,14,289,
28407,48,1096,12,14,289,
28407,48,1096,12,14,289,
28407,48,1096,12,14,289,
28407,48,1096,12,14,289,
28407,48,1096,12,14,289,
28407,48,1096,12,14,289,
28407,48,1096,12,14,289,
28407,48,1096,12,14,432,
28407,48,1096,12,14,30,
28407,48,1096,12,14,30,
28536,48,399,12,14,289,
28634,25,567,12,7,224,
28760,26,1096,12,21,120,B
28802,23,507,12,22,208,S
28829,32,174,12,11,340,
28936,NA,138,12,26,65,
29008,36,810,12,24,106,B
29100,18,514,12,7,12,
29100,18,514,12,7,13,
29126,22,514,12,20,43,
29197,21,399,12,7,12,
29197,21,399,12,7,13,
29289,NA,96,12,14,30,
29289,NA,96,12,14,30,
29333,28,507,12,18,136,
29420,34,477,12,7,198,
29541,NA,477,12,14,307,
29558,38,33,12,11,61,G
29564,NA,138,12,7,115,
29645,47,507,12,14,289,
29645,47,507,12,14,289,
29645,47,507,12,14,289,
29666,23,259,12,7,29,B
29666,23,259,12,7,198,
29682,15,382,12,11,334,S
29688,53,1096,12,14,30,
29690,NA,1121,12,22,378,B
29897,55,259,12,14,30,
29897,55,259,12,14,30,
29897,55,259,12,14,30,
29968,45,507,12,14,432,
30116,19,1096,12,22,208,
30143,60,259,12,14,211,
30190,61,362,12,14,289,
30193,18,705,12,7,12,
30193,18,705,12,7,13,
30415,24,1096,12,17,151,B
30418,62,362,12,14,289,
30472,52,413,12,14,289,
30472,52,413,12,14,289,
30497,20,362,12,7,29,
30497,20,362,12,7,198,
30513,18,967,12,27,82,
30598,NA,96,12,14,289,
30600,27,362,12,17,127,
30666,21,1096,12,22,98,G
30682,NA,1096,12,14,289,
30711,48,362,12,14,289,
30711,48,362,12,14,289,
30711,48,362,12,14,289,
30716,53,1096,12,14,289,
30716,53,1096,12,14,289,
30716,53,1096,12,14,289,
30766,55,705,12,14,30,
30766,55,705,12,14,30,
30809,35,362,12,33,110,
30828,NA,96,12,14,289,
30828,NA,96,12,14,289,
30941,21,362,12,17,77,G
31049,22,1096,12,7,67,G
31173,88,1096,12,14,289,
31173,88,1096,12,14,289,
31173,88,1096,12,14,289,
31180,23,1096,12,14,289,
31197,21,1096,12,7,116,S
31201,26,174,12,22,98,B
31251,24,399,12,7,224,B
31275,26,399,12,29,75,
31275,26,399,12,29,76,
31290,42,1096,12,14,289,
31290,42,1096,12,14,289,
31290,42,1096,12,14,289,
31290,42,1096,12,14,289,
31324,17,1096,12,14,620,
31347,23,399,12,20,43,S
31455,NA,1096,12,14,620,
31474,21,174,12,9,350,
31474,21,174,12,9,231,
31484,25,413,12,22,79,G
31484,25,413,12,22,157,G
31492,53,413,12,14,289,
31492,53,413,12,14,289,
31503,24,174,12,7,119,B
31503,24,174,12,7,50,B
31503,24,174,12,7,143,B
31554,30,1128,12,14,649,
31638,35,362,12,14,289,
31662,20,399,12,18,280,S
32215,76,413,12,14,289,
32227,59,1012,12,14,30,
32227,59,1012,12,14,30,
32307,54,567,12,14,620,
32317,21,399,12,22,208,G
32329,26,716,12,7,104,
32329,26,716,12,7,148,
32335,21,174,12,29,75,
32335,21,174,12,29,76,
32335,21,174,12,29,290,
32393,42,1012,12,14,30,
32433,30,45,12,7,29,
32433,30,45,12,7,198,
32456,33,742,12,14,620,
32590,52,71,12,14,30,
32590,52,71,12,14,30,
32597,21,477,12,27,82,G
32616,22,259,12,7,104,
32616,22,259,12,7,148,
32632,49,399,12,14,289,
32639,22,413,12,7,148,
32639,22,413,12,7,67,
32676,22,1096,12,22,208,
32715,NA,514,12,14,289,
32716,NA,514,12,22,98,
32778,21,71,12,30,219,
32778,21,71,12,30,146,
32861,23,1096,12,13,508,S
33139,17,656,12,24,343,
33150,45,1096,12,14,289,
33150,45,1096,12,14,289,
33229,33,794,12,14,649,
33229,33,794,12,14,649,
33267,25,399,12,30,279,
33374,34,514,12,14,289,
33435,22,716,12,7,119,
33436,39,413,12,14,30,
33497,22,413,12,7,167,S
33528,25,1096,12,24,56,
33528,25,1096,12,24,105,B
33554,26,1096,12,21,120,B
33622,20,507,12,27,111,
33685,34,507,12,7,115,
33685,34,507,12,7,143,
33725,53,1012,12,14,432,
33965,24,507,12,7,142,
34053,28,138,12,22,98,
34096,24,419,12,18,95,
34148,NA,174,12,24,57,
34148,NA,174,12,24,58,
34148,NA,174,12,24,153,
34263,41,1096,12,24,106,
34272,21,1096,12,30,219,B
34334,17,362,12,27,82,
34376,20,1096,12,27,73,B
34482,58,705,12,14,307,
34642,45,1096,12,14,30,
34642,45,1096,12,14,30,
34741,NA,138,12,22,208,
34912,37,362,12,14,289,
34993,NA,816,12,26,65,
34993,NA,816,12,26,64,
35058,31,413,12,7,142,S
35124,17,413,12,9,107,
35124,17,413,12,9,108,
35199,37,1096,12,14,289,
35215,71,1121,12,14,649,
35215,71,1121,12,14,649,
35215,71,1121,12,14,649,
35215,71,1121,12,14,649,
35215,71,1121,12,14,649,
35418,23,413,12,7,101,B
35418,23,413,12,7,67,
35429,35,1096,12,20,43,B
35603,25,1096,12,9,108,S
35631,NA,498,12,7,181,
35669,17,174,12,7,13,S
35720,13,1096,12,9,292,
35731,33,1096,12,14,289,
35765,20,399,12,7,13,
35765,20,399,12,7,230,
35765,20,399,12,7,70,B
35809,NA,1096,12,14,620,
35848,29,399,12,22,157,S
35848,29,399,12,22,98,
35872,20,498,12,27,111,
35909,19,656,12,30,84,
35977,22,1096,12,27,111,G
36059,29,399,12,18,166,S
36059,29,399,12,18,254,
36082,55,259,12,14,30,
36209,18,1096,12,9,350,
36219,26,273,12,14,30,
36324,NA,138,12,9,19,
36410,NA,1096,12,14,620,
36421,31,1096,12,14,289,
36481,20,716,12,29,75,
36523,20,362,12,29,75,
36523,20,362,12,29,76,
36523,20,362,12,29,290,S
36614,52,362,12,14,289,
36614,52,362,12,14,30,
36659,17,1096,12,9,19,
36683,21,413,12,9,150,
36691,28,1012,12,25,295,
36691,28,1012,12,25,296,
36691,28,1012,12,25,297,
36691,28,1012,12,25,298,
36713,26,362,12,18,255,B
36714,31,362,12,17,78,
36740,23,419,12,7,67,
36970,55,1096,12,14,289,
37070,NA,1096,12,14,489,
37185,53,1096,12,14,289,
37185,53,1096,12,14,289,
37185,53,1096,12,14,289,
37185,53,1096,12,14,289,
37199,29,810,12,24,106,B
37216,30,507,12,7,332,B
37222,42,273,12,14,289,
37253,51,1096,12,14,30,
37253,51,1096,12,14,30,
37283,19,174,12,7,12,
37283,19,174,12,7,13,S
37368,26,174,12,22,98,B
37478,49,514,12,14,30,
37522,24,514,12,20,43,
37531,24,514,12,7,101,
37537,NA,514,12,22,98,
37544,35,514,12,14,289,
37606,24,413,12,7,104,
37606,24,413,12,7,148,
37606,24,413,12,7,67,
37648,22,1096,12,7,143,G
37657,26,507,12,7,167,
37695,25,1096,12,7,181,
37696,18,1096,12,7,13,G
37704,39,514,12,14,289,
37704,39,514,12,14,289,
37774,25,399,12,22,157,S
37774,25,399,12,22,98,
37780,28,507,12,17,77,
37880,39,1096,12,14,30,
38014,25,1096,12,13,487,S
38055,37,507,12,17,78,S
38078,22,1096,12,30,279,G
38078,22,1096,12,30,84,S
38105,63,1096,12,14,289,
38105,63,1096,12,14,289,
38105,63,1096,12,14,289,
38120,47,705,12,14,289,
38125,20,507,12,18,165,B
38159,22,174,12,7,167,
38226,NA,656,12,7,101,
38250,26,174,12,22,157,
38453,23,1096,12,9,294,B
38453,23,1096,12,9,231,G
38471,44,399,12,14,30,
38735,23,362,12,24,56,
38735,23,362,12,24,105,G
38735,23,362,12,24,153,
38743,42,1096,12,14,30,
38743,42,1096,12,14,30,
38743,42,1096,12,14,30,
38919,23,507,12,22,98,S
38956,55,1096,12,14,620,
39018,49,1012,12,14,30,
39022,NA,174,12,29,75,
39022,NA,174,12,29,76,
39077,27,507,12,24,56,B
39077,27,507,12,24,105,S
39077,27,507,12,24,153,S
39077,27,507,12,24,106,S
39137,43,45,12,14,649,
39137,43,45,12,14,649,
39327,23,399,12,7,104,
39350,28,399,12,18,136,
39404,49,399,12,14,289,
39404,49,399,12,14,289,
39404,49,399,12,14,289,
39404,49,399,12,14,289,
39495,16,174,12,27,109,
39503,25,45,12,7,148,
39512,28,1096,12,21,120,B
39523,24,1096,12,7,119,
39556,NA,1096,12,14,30,
39556,NA,1096,12,14,30,
39568,27,413,12,22,157,G
39648,41,810,12,14,289,
39659,NA,96,12,14,289,
39659,NA,96,12,14,289,
39659,NA,96,12,14,289,
39659,NA,96,12,14,289,
39659,NA,96,12,14,289,
39659,NA,96,12,14,289,
39726,22,477,12,24,106,G
39761,NA,399,12,14,489,
39841,28,273,12,29,202,
39841,28,273,12,29,379,B
40012,34,507,12,22,157,B
40022,22,507,12,29,290,G
40023,40,413,12,14,289,
40023,40,413,12,14,289,
40023,40,413,12,14,289,
40023,40,413,12,14,289,
40072,NA,45,12,7,104,
40145,62,1096,12,14,289,
40308,20,1096,12,9,15,
40396,37,1096,12,22,113,G
40428,21,1096,12,7,70,
40484,21,138,12,7,117,
40553,26,362,12,22,114,B
40596,22,705,12,7,300,
40633,24,138,12,7,101,
40713,19,180,12,11,334,B
40739,50,1096,12,14,289,
40773,22,1096,12,13,24,
40798,38,399,12,14,30,
40798,38,399,12,14,30,
40798,38,399,12,14,30,
40834,39,477,12,24,106,G
40916,22,705,12,14,30,
40934,24,362,12,9,294,
40934,24,362,12,9,350,
41067,NA,399,12,14,289,
41121,26,66,12,7,116,
41121,26,66,12,7,115,
41157,63,1096,12,14,289,
41157,63,1096,12,14,289,
41157,63,1096,12,14,289,
41175,35,1096,12,14,596,G
41175,35,1096,12,14,289,
41175,35,1096,12,14,289,
41175,35,1096,12,14,289,
41175,35,1096,12,14,289,
41175,35,1096,12,14,289,
41175,35,1096,12,14,289,
41175,35,1096,12,14,289,
41175,35,1096,12,14,289,
41175,35,1096,12,14,289,
41175,35,1096,12,14,289,
41267,NA,138,12,7,119,
41267,NA,138,12,7,50,
41367,26,514,12,7,142,
41369,25,138,12,22,113,
41469,NA,656,12,7,115,
41557,25,982,12,26,65,
41657,22,656,12,7,74,
41668,22,1096,12,17,151,
41706,49,967,12,11,340,
41706,49,987,12,11,344,
41799,24,1096,12,7,68,G
41805,23,1096,12,7,116,
41814,49,892,12,11,61,S
41844,49,71,12,14,489,
41900,28,45,12,24,56,
41900,28,45,12,24,105,
42113,16,1096,12,9,409,
42148,29,507,12,18,280,G
42161,21,1096,12,7,47,
42204,32,656,12,25,362,
42287,25,1096,12,22,98,G
42523,26,66,12,29,202,
42523,26,66,12,29,252,G
42528,30,529,12,11,344,G
42531,26,799,12,27,82,
42538,21,1096,12,7,29,
42544,64,413,12,14,289,
42651,38,413,12,7,332,G
42697,32,1096,12,21,120,B
42702,22,1096,12,22,98,G
42739,30,1096,12,7,144,
42828,39,71,12,14,30,
42828,39,71,12,14,30,
42828,39,71,12,14,30,
42828,39,71,12,14,30,
42828,39,71,12,14,30,
42828,39,71,12,14,30,
42828,39,71,12,14,30,
42828,39,71,12,14,30,
43059,23,656,12,29,252,
43128,37,810,12,14,289,
43142,49,399,12,14,489,
43176,28,1096,12,14,30,
43177,15,1096,12,13,751,S
43203,22,1096,12,22,208,
43339,42,1012,12,14,289,
43344,71,1096,12,14,289,
43346,30,507,12,18,38,B
43352,36,399,12,14,30,
43352,36,399,12,14,30,
43456,24,507,12,24,56,
43456,24,507,12,24,105,S
43584,42,816,12,26,64,
43597,NA,656,12,26,64,
43660,28,1096,12,24,343,
43662,20,507,12,13,21,
43662,20,507,12,13,22,G
43662,20,507,12,13,23,
43662,20,507,12,13,24,G
43662,20,507,12,13,25,
43662,20,507,12,13,26,
43737,32,138,12,26,64,
43748,23,138,12,7,104,
43763,21,413,12,24,343,S
43783,27,1096,12,13,27,G
43826,26,716,12,22,208,
43826,26,716,12,22,98,
43929,23,399,12,20,43,S
44171,NA,656,12,9,15,
44171,NA,656,12,9,292,
44215,46,399,12,14,620,
44338,19,174,12,27,174,G
44359,54,892,12,11,61,S
44468,25,71,12,17,77,S
44600,44,1096,12,14,489,
44600,44,1096,12,14,489,
44600,44,1096,12,14,489,
44600,44,1096,12,14,489,
44677,23,514,12,13,25,
44677,23,514,12,13,26,
44780,39,399,12,14,289,
44790,39,399,12,7,332,
44810,23,413,12,22,98,
44875,54,477,12,14,489,
44926,22,477,12,20,43,G
44942,48,1012,12,14,30,
44955,50,1096,12,14,289,
44957,67,1096,12,14,289,
45005,22,1096,12,7,426,S
45038,20,1096,12,22,98,G
45049,38,1012,12,25,295,
45049,38,1012,12,25,296,
45049,38,1012,12,25,297,
45049,38,1012,12,25,298,
45101,NA,174,12,9,107,
45101,NA,174,12,9,150,
45103,22,1096,12,7,50,
45110,38,1096,12,14,30,
45110,38,1096,12,14,30,
45110,38,1096,12,14,30,
45137,21,413,12,7,13,B
45174,39,514,12,14,30,
45175,21,514,12,21,120,S
45360,27,487,12,21,120,G
45388,24,413,12,7,119,G
45388,24,413,12,7,143,S
45526,31,1096,12,14,30,
45674,45,1096,12,14,596,
45703,39,273,12,14,289,
45703,39,273,12,14,289,
45724,42,273,12,14,289,
45724,42,273,12,14,289,
45724,42,273,12,14,289,
45724,42,273,12,14,289,
45724,42,273,12,14,289,
45724,42,273,12,14,289,
45724,42,273,12,14,289,
45733,30,273,12,29,75,
45733,30,273,12,29,76,S
45903,NA,514,12,22,98,
45983,22,1096,12,7,115,S
45988,24,413,12,9,169,
45992,21,1096,12,26,64,
46104,21,656,12,24,153,
46104,21,656,12,24,106,
46122,25,413,12,7,101,
46142,25,1096,12,7,12,
46172,19,174,12,22,98,B
46252,26,967,12,7,29,
46252,26,967,12,7,198,
46252,26,967,12,7,224,
46256,64,1096,12,14,289,
46256,64,1096,12,14,289,
46318,67,413,12,14,289,
46348,24,413,12,29,75,
46348,24,413,12,29,252,
46348,24,413,12,29,290,B
46406,40,514,12,14,30,
46586,26,514,12,18,95,
46608,26,1096,12,13,21,
46608,26,1096,12,13,22,S
46608,26,1096,12,13,23,
46608,26,1096,12,13,25,
46608,26,1096,12,13,28,B
46622,23,742,12,7,48,
46786,32,399,12,26,65,S
46796,66,413,12,14,289,
46876,60,1096,12,14,289,
46964,22,1096,12,7,115,
47034,38,1096,12,14,289,
47034,38,1096,12,14,289,
47034,38,1096,12,14,289,
47034,38,1096,12,14,289,
47034,38,1096,12,14,289,
47051,48,399,12,14,289,
47153,22,477,12,13,21,
47153,22,477,12,13,22,
47153,22,477,12,13,23,
47153,22,477,12,13,25,
47153,22,477,12,13,27,
47197,20,399,12,22,98,
47247,24,96,12,14,289,
47308,35,399,12,14,289,
47330,34,399,12,14,620,
47338,27,1096,12,24,57,
47338,27,1096,12,24,58,B
47366,24,259,12,7,142,
47413,23,810,12,7,29,
47413,23,810,12,7,198,
47440,44,399,12,14,289,
47608,21,399,12,7,148,
47608,21,399,12,7,67,S
47619,40,1096,12,7,142,
47624,25,96,12,24,58,
47669,52,273,12,14,432,
47669,52,273,12,14,30,
47669,52,273,12,14,30,
47669,52,273,12,14,30,
47722,NA,448,12,14,620,
47857,23,1062,12,11,344,
47878,20,656,12,29,202,
47896,58,1096,12,14,30,
47923,24,174,12,22,157,
47935,20,1096,12,13,751,B
47991,NA,656,12,26,65,
48081,NA,656,12,7,142,
48189,31,1096,12,14,30,
48251,21,1096,12,18,168,
48306,24,399,12,7,13,
48306,24,399,12,7,230,
48384,23,1012,12,9,19,
48569,33,1096,12,14,429,
48587,32,1096,12,14,289,
48588,23,1096,12,7,74,S
48625,25,66,12,7,74,
48662,39,514,12,14,30,
48666,27,487,12,21,120,G
48680,35,117,12,11,334,G
48697,20,1096,12,27,92,
48705,28,1096,12,7,332,
48728,17,413,12,9,409,
48736,26,71,12,17,78,B
48746,23,514,12,27,111,
48792,16,514,12,7,300,
48818,28,399,12,7,29,
48818,28,399,12,7,198,
48821,24,71,12,18,136,B
48821,24,71,12,18,71,B
48845,22,413,12,7,12,
48845,22,413,12,7,13,B
48923,28,810,12,14,289,
49024,41,477,12,14,307,
49029,NA,413,12,14,289,
49029,NA,413,12,14,289,
49029,NA,413,12,14,289,
49068,28,399,12,22,208,G
49119,21,1096,12,9,409,
49209,53,71,12,14,30,
49240,21,1012,12,29,75,
49240,21,1012,12,29,76,B
49261,58,399,12,14,289,
49261,58,399,12,14,289,
49292,NA,1096,12,14,489,
49347,53,413,12,14,289,
49364,23,413,12,29,75,
49364,23,413,12,29,76,
49364,23,413,12,29,290,B
49426,53,273,12,14,307,
49432,18,1096,12,9,169,G
49450,35,117,12,11,334,G
49591,49,399,12,14,289,
49591,49,399,12,14,289,
49663,96,1096,12,14,289,
49668,28,514,12,13,21,
49668,28,514,12,13,22,
49668,28,514,12,13,23,
49676,26,477,12,20,43,G
49859,42,259,12,14,289,
49939,35,1096,12,14,289,
49974,20,1096,12,7,119,
50101,NA,477,12,14,489,
50178,24,362,12,17,151,G
50312,36,1096,12,14,489,
50361,34,1096,12,14,289,
50361,34,1096,12,14,289,
50749,60,399,12,14,289,
50753,37,399,12,14,489,
50826,19,656,12,26,64,S
50831,25,33,12,11,61,G
50835,27,1096,12,24,153,
50835,27,1096,12,24,106,
50862,15,413,12,9,294,
50862,15,413,12,9,231,B
50872,29,413,12,14,211,G
50884,23,498,12,27,174,
50954,62,1012,12,14,289,
50954,62,1012,12,14,289,
50954,62,1012,12,14,289,
50955,21,399,12,22,98,
51058,21,174,12,29,290,
51312,24,174,12,7,68,
51500,51,1096,12,14,620,
51761,NA,514,12,14,289,
51764,NA,514,12,22,98,
51765,37,514,12,14,289,
51773,45,514,12,14,30,
51773,45,514,12,14,30,
52007,42,514,12,25,295,
52121,46,1096,12,14,30,
52122,49,1096,12,14,30,
52122,49,1096,12,14,30,
52126,24,1096,12,21,120,B
52128,21,1096,12,29,379,
52184,22,514,12,21,120,S
52360,20,514,12,9,150,S
52477,NA,514,12,30,84,
52494,37,514,12,14,489,
52498,17,514,12,9,292,
52542,18,514,12,7,230,
52542,18,514,12,7,70,
52603,23,399,12,17,78,G
52607,25,350,12,7,144,S
52607,25,350,12,7,167,G
52626,67,705,12,14,289,
52626,67,705,12,14,289,
52626,67,705,12,14,289,
52721,NA,656,12,7,119,
52735,29,477,12,20,43,G
52995,NA,656,12,24,56,
52995,NA,656,12,24,105,
53112,24,174,12,29,75,
53112,24,174,12,29,76,
53131,25,716,12,22,98,
53183,NA,138,12,20,43,
53194,NA,1096,12,14,289,
53208,21,273,12,9,409,B
53240,41,602,12,14,474,
53240,41,602,12,14,289,
53240,41,602,12,14,289,
53240,41,602,12,14,289,
53240,41,602,12,14,289,
53240,41,602,12,14,289,
53240,41,602,12,14,289,
53240,41,602,12,14,289,
53281,27,1096,12,24,58,B
53282,44,399,12,14,289,
53290,NA,487,12,21,120,G
53291,18,527,12,11,344,S
53565,31,71,12,7,198,
53720,NA,96,12,24,57,
53720,NA,96,12,24,58,
53824,34,1012,12,7,117,
53958,26,350,12,7,224,S
53962,29,350,12,7,29,
53963,23,350,12,7,163,G
54006,28,350,12,18,255,
54006,28,350,12,18,193,B
54027,22,1096,12,22,98,G
54029,48,810,12,14,30,
54029,48,810,12,14,30,
54160,22,1096,12,7,47,B
54282,29,1096,12,7,230,
54310,34,1096,12,22,114,G
54330,19,399,12,30,219,
54347,21,273,12,18,165,
54347,21,273,12,18,254,
54349,22,273,12,27,111,
54684,34,1096,12,11,340,
54687,23,1096,12,7,198,
54934,54,1096,12,14,30,
54934,54,1096,12,14,30,
55047,30,1096,12,13,21,
55047,30,1096,12,13,22,S
55047,30,1096,12,13,23,
55047,30,1096,12,13,24,S
55047,30,1096,12,13,25,
55047,30,1096,12,13,26,
55047,30,1096,12,13,28,
55071,25,742,12,7,116,
55071,25,742,12,7,119,
55120,55,1096,12,14,289,
55207,29,1012,12,18,165,G
55207,29,1012,12,18,168,G
55304,17,1096,12,9,231,G
55351,18,1096,12,7,48,
55367,26,1096,12,22,157,
55370,19,413,12,29,290,B
55371,23,413,12,7,12,
55593,52,362,12,14,289,
55593,52,362,12,14,289,
55593,52,362,12,14,289,
55601,22,399,12,7,104,B
55601,22,399,12,7,148,
55601,22,399,12,7,67,S
55666,37,892,12,11,61,S
55669,64,1096,12,14,489,
56005,23,967,12,7,104,
56005,23,967,12,7,148,
56009,49,362,12,14,289,
56009,49,362,12,14,289,
56009,49,362,12,14,289,
56009,49,362,12,14,289,
56026,29,362,12,24,58,G
56030,38,362,12,25,362,
56030,38,362,12,25,363,G
56140,25,273,12,27,335,B
56164,NA,45,12,17,78,
56306,45,602,12,14,30,
56513,25,477,12,24,153,B
56513,25,477,12,24,106,G
56734,38,350,12,18,165,S
56784,21,514,12,13,21,
56784,21,514,12,13,22,
56784,21,514,12,13,23,
56844,22,1096,12,9,108,S
56845,19,1096,12,9,107,
56845,19,1096,12,9,108,S
56919,39,1012,12,14,30,
57000,NA,514,12,30,219,
57000,NA,514,12,30,146,
57064,27,514,12,27,92,
57137,59,705,12,14,307,
57151,18,477,12,9,15,
57154,48,514,12,14,289,
57167,NA,514,12,14,289,
57352,27,331,12,18,165,
57352,27,331,12,18,204,
57439,33,154,12,14,649,
57606,22,742,12,9,150,
57622,23,1012,12,18,95,B
57683,30,810,12,14,30,
57697,26,477,12,18,204,S
57734,35,399,12,14,596,B
57757,25,399,12,27,109,
57825,NA,514,12,18,280,
58119,27,259,12,14,30,
58168,20,514,12,9,107,S
58169,37,514,12,14,289,
58189,38,514,12,14,289,
58189,38,514,12,14,289,
58197,NA,514,12,14,30,
58214,17,514,12,9,150,B
58351,56,1096,12,14,30,
58426,33,399,12,14,289,
58500,57,71,12,14,489,
58514,20,1096,12,7,101,
58515,27,362,12,7,119,
58518,NA,174,12,27,92,
58571,NA,498,12,14,289,
58672,25,810,12,14,432,
58672,25,810,12,14,30,
58674,18,716,12,7,12,
58713,NA,45,12,9,108,
58787,19,1096,12,9,150,
58853,16,174,12,9,350,
58853,16,174,12,9,231,
58853,16,174,12,9,169,
58895,27,477,12,20,43,G
58896,28,477,12,20,43,G
59577,43,514,12,25,297,
59577,43,514,12,25,298,
59594,21,1096,12,22,114,G
59637,20,1096,12,7,67,G
59659,20,1096,12,9,350,S
59714,47,1096,12,14,30,
60415,23,514,12,7,48,
60421,20,514,12,20,43,
60431,18,514,12,7,142,
60478,20,174,12,7,119,
60478,20,174,12,7,50,
60500,NA,1096,12,14,620,
60896,23,514,12,7,74,
60896,23,514,12,7,144,
60898,14,514,12,9,292,G
60901,47,514,12,14,30,
60936,36,1096,12,25,362,
60936,36,1096,12,25,363,B
60968,19,514,12,9,150,G
61052,26,1012,12,18,204,B
61069,60,1096,12,14,489,
61104,29,45,12,7,117,
61184,49,399,12,14,289,
61184,49,399,12,14,289,
61184,49,399,12,14,289,
61185,30,273,12,14,211,S
61308,41,273,12,24,343,
61345,36,705,12,14,289,
61386,38,810,12,14,678,G
61386,38,810,12,14,30,
61442,27,1096,12,21,120,B
61502,54,413,12,14,289,
61550,40,1012,12,14,30,
61660,NA,514,12,30,279,
61665,NA,514,12,14,489,
61665,NA,514,12,14,489,
61673,27,514,12,21,120,S
61727,24,810,12,22,208,B
61793,28,399,12,7,68,
61853,NA,514,12,14,289,
61920,35,273,12,24,56,
61920,35,273,12,24,105,
61920,35,273,12,24,57,
61920,35,273,12,24,58,
61920,35,273,12,24,106,
61989,20,399,12,27,73,
61991,24,399,12,14,289,
62021,16,514,12,9,19,S
62053,15,514,12,9,294,
62053,15,514,12,9,231,
62088,32,350,12,18,166,G
62362,21,514,12,21,120,S
62370,32,810,12,14,596,S
62370,32,810,12,14,289,
62389,20,514,12,13,21,
62389,20,514,12,13,22,
62389,20,514,12,13,23,
62389,20,514,12,13,27,
62399,29,810,12,14,620,
62481,23,514,12,21,120,S
62504,NA,514,12,18,254,
62596,49,399,12,14,212,B
62631,53,1096,12,14,289,
62678,28,259,12,14,489,
62830,26,399,12,7,104,
62830,26,399,12,7,67,S
62856,30,810,12,14,289,
62944,NA,514,12,14,289,
63011,25,350,12,18,280,B
63158,50,514,12,14,289,
63184,NA,514,12,18,168,
63206,18,350,12,7,198,
63613,NA,514,12,14,289,
63735,33,273,12,14,289,
63799,19,1096,12,17,78,
64307,51,810,12,14,620,
64394,44,1096,12,14,289,
64523,21,810,12,14,289,
64580,46,477,12,14,307,
64693,24,1096,12,13,508,B
64987,41,1096,12,14,289,
65072,28,399,12,9,150,
65145,20,273,12,18,152,S
65193,50,477,12,14,289,
65202,20,1096,12,30,84,B
65252,25,810,12,7,144,G
65562,41,350,12,7,142,
65668,22,1096,12,7,198,S
65690,39,362,12,14,620,
65786,16,705,12,9,294,
65786,16,705,12,9,231,S
65810,67,399,12,14,30,
65810,67,399,12,14,30,
65828,56,362,12,14,30,
65870,39,1012,12,14,289,
65870,39,1012,12,14,289,
65870,39,1012,12,14,289,
65870,39,1012,12,14,289,
65922,39,1096,12,14,289,
65922,39,1096,12,14,289,
65922,39,1096,12,14,289,
66124,38,498,12,14,289,
66188,20,419,12,7,104,
66188,20,419,12,7,67,
66288,33,259,12,14,289,
66288,33,259,12,14,289,
66288,33,259,12,14,289,
66288,33,259,12,14,289,
66288,33,259,12,14,289,
66288,33,259,12,14,289,
66288,33,259,12,14,289,
66288,33,259,12,14,289,
66393,21,1096,12,27,174,
66405,21,45,12,27,335,
66624,NA,362,12,27,111,
66627,25,96,12,14,489,
66754,33,45,12,24,56,
66754,33,45,12,24,105,
66804,20,273,12,30,219,
66804,20,273,12,30,146,
66855,20,174,12,9,15,
66855,20,174,12,9,108,
66856,40,1096,12,14,489,
66895,26,1012,12,26,64,
66929,25,350,12,7,50,
67037,27,507,12,13,26,
67037,27,507,12,13,27,B
67219,76,413,12,14,289,
67219,76,413,12,14,289,
67246,NA,174,12,27,90,
67514,22,362,12,29,290,S
67530,37,362,12,14,289,
67672,21,362,12,11,340,G
68241,29,705,12,29,379,
68298,26,413,12,33,110,
68416,23,350,12,7,74,G
68471,22,273,12,24,105,
68471,22,273,12,24,57,
68471,22,273,12,24,58,
68471,22,273,12,24,153,
68471,22,273,12,24,106,
68486,56,1096,12,14,289,
68486,56,1096,12,14,289,
68501,41,350,12,18,254,B
68559,17,413,12,9,15,
68559,17,413,12,9,108,
68659,26,362,12,24,105,G
68718,17,138,12,9,294,
68718,17,138,12,9,169,
68718,17,138,12,9,409,
68743,53,602,12,14,289,
68743,53,602,12,14,289,
68746,NA,249,12,14,620,
68934,34,507,12,13,21,
68934,34,507,12,13,22,G
68934,34,507,12,13,23,B
68934,34,507,12,13,24,
68934,34,507,12,13,25,
68946,46,362,12,25,362,G
68946,46,362,12,25,363,G
69131,56,1096,12,14,289,
69158,27,1096,12,24,56,S
69158,27,1096,12,24,105,B
69234,NA,1096,12,14,620,
69244,NA,1096,12,14,620,
69254,21,174,12,7,116,
69254,21,174,12,7,143,B
69646,29,529,12,11,344,G
69670,56,1096,12,14,289,
69670,56,1096,12,14,289,
69698,19,174,12,22,98,B
69707,32,259,12,14,30,
69829,36,273,12,14,30,
69867,72,1012,12,14,289,
69915,NA,138,12,22,208,
70094,22,1012,12,18,254,
70115,28,1012,12,18,280,
70151,26,1012,12,7,74,
70151,26,1012,12,7,144,
70193,33,1012,12,33,110,S
70193,33,1012,12,24,57,
70270,27,1012,12,14,30,
70270,27,1012,12,14,30,
70270,27,1012,12,14,30,
70285,27,1012,12,24,57,
70370,15,174,12,9,294,
70370,15,174,12,9,169,
70377,31,1096,12,14,30,
70412,28,507,12,7,167,
70439,22,138,12,7,29,
70524,29,1096,12,14,289,
70524,29,1096,12,14,289,
70524,29,1096,12,14,289,
70551,22,199,12,7,104,
70551,22,199,12,7,148,
70850,26,413,12,24,56,
70859,26,1096,12,24,343,
70968,20,1096,12,24,343,
71226,22,507,12,27,90,
71452,NA,656,12,18,254,
71489,25,1096,12,24,56,
71699,NA,138,12,9,108,
71740,20,45,12,27,73,G
71750,22,716,12,7,50,
71786,20,716,12,27,90,
71962,32,810,12,24,153,
71962,32,810,12,24,106,B
72114,16,1096,12,29,75,
72114,16,1096,12,29,76,
72205,65,1096,12,14,289,
72266,26,1012,12,9,107,
72266,26,1012,12,9,150,
72323,NA,1012,12,14,307,
72348,49,1012,12,14,30,
72405,25,350,12,7,50,
72473,42,705,12,14,289,
72473,42,705,12,14,289,
72473,42,705,12,14,289,
72527,29,350,12,18,168,S
72547,21,413,12,22,98,
72653,17,1096,12,11,340,
72767,18,967,12,9,294,
72767,18,967,12,9,350,B
72781,24,705,12,11,340,S
72781,24,467,12,11,344,
72785,21,467,12,11,344,
72790,35,331,12,7,332,
72877,24,716,12,22,98,
72879,25,174,12,22,98,B
72893,20,413,12,33,110,
72910,39,1096,12,14,289,
72910,39,1096,12,14,289,
72910,39,1096,12,14,289,
73023,18,1096,12,22,208,
73090,53,1096,12,14,289,
73090,53,1096,12,14,289,
73090,53,1096,12,14,289,
73090,53,1096,12,14,289,
73120,68,1096,12,14,678,S
73123,66,1096,12,14,30,
73123,66,1096,12,14,30,
73163,22,477,12,7,198,
73182,NA,1096,12,14,289,
73219,22,174,12,18,172,
73220,19,1096,12,9,294,G
73220,19,1096,12,9,350,G
73220,19,1096,12,9,231,G
73308,18,514,12,9,409,S
73312,43,514,12,14,289,
73359,NA,138,12,26,65,
73482,55,1096,12,14,289,
73482,55,1096,12,14,289,
73641,23,399,12,22,157,S
73641,23,399,12,22,98,
73722,45,892,12,11,61,S
73885,17,514,12,9,292,S
73995,39,810,12,14,289,
73995,39,810,12,14,289,
74031,58,362,12,14,289,
74031,58,362,12,14,289,
74031,58,362,12,14,289,
74031,58,362,12,14,30,
74068,NA,487,12,9,15,
74068,NA,487,12,9,292,
74094,54,362,12,14,30,
74148,35,1012,12,18,152,G
74259,20,1096,12,29,252,
74311,NA,174,12,27,111,
74315,24,507,12,14,289,
74315,24,507,12,14,289,
74412,33,1096,12,17,127,
74532,53,477,12,14,289,
74532,53,477,12,14,289,
74532,53,477,12,14,289,
74532,53,477,12,14,289,
74532,53,477,12,14,289,
74532,53,477,12,14,289,
74532,53,477,12,14,289,
74532,53,477,12,14,289,
74532,53,477,12,14,289,
74532,53,477,12,14,289,
74532,53,477,12,14,289,
74532,53,477,12,14,289,
74532,53,477,12,14,289,
74532,53,477,12,14,289,
74532,53,477,12,14,289,
74532,53,477,12,14,289,
74532,53,477,12,14,289,
74532,53,477,12,14,432,S
74532,53,477,12,14,30,
74532,53,477,12,14,30,
74532,53,477,12,14,30,
74532,53,477,12,14,30,
74532,53,477,12,14,30,
74532,53,477,12,14,30,
74532,53,477,12,14,30,
74532,53,477,12,14,30,
74532,53,477,12,14,30,
74571,26,1096,12,33,110,
74574,46,1096,12,14,30,
74574,46,1096,12,14,30,
74611,24,810,12,14,289,
74617,NA,419,12,7,116,
74617,NA,419,12,7,101,
74617,NA,419,12,7,115,
74617,NA,419,12,7,67,
74723,58,259,12,14,30,
74723,58,259,12,14,30,
74723,58,259,12,14,30,
74723,58,259,12,14,30,
74723,58,259,12,14,30,
74822,34,174,12,29,202,
74849,43,399,12,14,30,
74860,NA,138,12,7,142,
74913,27,507,12,7,67,B
75117,45,362,12,25,362,S
75117,45,362,12,25,363,G
75126,NA,656,12,30,279,
75127,17,656,12,30,279,
75129,NA,656,12,30,279,
75156,23,273,12,7,50,
75223,32,174,12,24,56,
75223,32,174,12,24,57,
75223,32,174,12,24,58,
75304,NA,138,12,7,104,
75390,34,1096,12,14,289,
75407,23,1096,12,22,208,
75619,30,1019,12,7,119,
75619,30,1019,12,7,50,
75637,26,362,12,7,119,
76035,23,507,12,24,56,G
76035,23,507,12,24,105,S
76035,23,507,12,24,106,S
76104,25,810,12,14,30,
76151,52,1096,12,14,30,
76151,52,1096,12,14,30,
76151,52,1096,12,14,30,
76151,52,1096,12,14,30,
76152,56,413,12,14,289,
76280,NA,419,12,27,335,
76300,17,514,12,7,116,
76300,17,514,12,7,143,
76463,72,362,12,14,289,
76470,24,350,12,7,167,
76496,27,433,12,14,429,
76584,23,514,12,20,43,
76615,NA,514,12,22,98,
76631,17,514,12,9,294,
76656,37,507,12,26,65,B
76721,23,1096,12,22,157,
76804,26,259,12,18,280,
76813,22,174,12,27,73,
76864,25,399,12,29,75,
76864,25,399,12,29,76,
76950,NA,656,12,13,25,
76950,NA,656,12,13,27,
76981,21,399,12,24,343,
77027,30,1096,12,33,110,B
77033,24,362,12,27,109,
77277,28,1096,12,20,43,B
77297,52,1096,12,14,30,
77332,20,413,12,27,111,
77346,21,1096,12,7,167,B
77393,21,1096,12,22,157,
77399,24,413,12,22,98,
77456,NA,174,12,18,254,S
77488,21,1096,12,7,117,
77710,65,174,12,14,678,B
77710,65,174,12,14,30,
77710,65,174,12,14,30,
77710,65,174,12,14,30,
77710,65,174,12,14,30,
77710,65,174,12,14,30,
77710,65,174,12,14,30,
77710,65,174,12,14,30,
77710,65,174,12,14,30,
77710,65,174,12,14,30,
77710,65,174,12,14,30,
77710,65,174,12,14,30,
77710,65,174,12,14,30,
77710,65,174,12,14,30,
77710,65,174,12,14,30,
77710,65,174,12,14,30,
77710,65,174,12,14,30,
77710,65,174,12,14,30,
77710,65,174,12,14,30,
77710,65,174,12,14,30,
77710,65,174,12,14,30,
77710,65,174,12,14,30,
77710,65,174,12,14,30,
77710,65,174,12,14,30,
77710,65,174,12,14,30,
77710,65,174,12,14,30,
77710,65,174,12,14,30,
77710,65,174,12,14,30,
77710,65,174,12,14,30,
77710,65,174,12,14,30,
77710,65,174,12,14,30,
77710,65,174,12,14,30,
77710,65,174,12,14,30,
77710,65,174,12,14,30,
77710,65,174,12,14,30,
77710,65,174,12,14,30,
77710,65,174,12,14,30,
77710,65,174,12,14,30,
77710,65,174,12,14,30,
77710,65,174,12,14,30,
77710,65,174,12,14,30,
77710,65,174,12,14,30,
77710,65,174,12,14,30,
77710,65,174,12,14,30,
77738,22,1096,12,9,294,
77738,22,1096,12,9,231,G
77885,24,1096,12,21,120,B
77905,21,174,12,7,48,G
77926,48,1096,12,14,289,
77926,48,1096,12,14,289,
77926,48,1096,12,14,289,
77926,48,1096,12,14,289,
77926,48,1096,12,14,289,
77962,19,1096,12,9,169,
77999,19,66,12,9,169,S
78060,22,138,12,7,163,
78204,22,1096,12,18,172,G
78325,NA,656,12,25,295,
78325,NA,656,12,25,296,
78391,71,1096,12,14,289,
78454,23,507,12,27,174,
78566,25,362,12,7,48,
78577,29,1019,12,14,620,
78778,50,705,12,14,289,
78862,NA,1096,12,14,620,
78886,NA,362,12,14,30,
78930,51,45,12,24,153,
78953,38,273,12,14,289,
78953,38,273,12,14,289,
78953,38,273,12,14,289,
79103,21,1096,12,7,163,
79109,22,1096,12,7,104,S
79109,22,1096,12,7,148,B
79147,22,399,12,7,116,
79147,22,399,12,7,143,
79185,49,399,12,14,307,
79206,21,1096,12,13,21,
79206,21,1096,12,13,22,S
79206,21,1096,12,13,23,
79234,27,399,12,22,208,G
79421,20,362,12,27,90,
79429,38,1096,12,7,142,
79509,25,399,12,33,110,
79523,27,1019,12,13,23,S
79711,25,810,12,22,79,B
79747,27,507,12,22,98,S
79772,48,174,12,14,289,
79792,21,1096,12,27,335,
79797,26,174,12,7,142,
79869,19,1096,12,7,47,G
79870,27,1096,12,22,378,S
79934,28,1096,12,14,429,S
80094,49,514,12,14,289,
80166,NA,487,12,21,120,G
80186,28,507,12,24,58,S
80312,37,477,12,14,307,
80568,NA,514,12,14,30,
80613,15,514,12,9,107,G
80613,15,514,12,9,108,G
80614,NA,514,12,18,152,
80632,19,413,12,27,109,
80717,NA,138,12,22,98,
80769,22,514,12,7,47,
80805,NA,1096,12,14,289,
80805,NA,1096,12,14,289,
81019,27,419,12,7,115,
81019,27,419,12,7,67,
81107,23,1096,12,9,19,
81304,49,362,12,14,30,
81508,47,362,12,14,212,G
81508,47,362,12,14,489,
81508,47,362,12,14,489,
81534,57,362,12,14,289,
81633,40,1096,12,25,362,
81633,40,1096,12,25,363,B
81645,67,413,12,14,289,
81677,21,33,12,11,61,G
81744,18,138,12,9,108,
81747,NA,656,12,7,104,
81747,NA,656,12,7,143,
81784,NA,656,12,33,110,
81788,22,656,12,7,74,
81788,22,656,12,7,144,
81811,29,419,12,7,332,
81862,55,362,12,14,289,
81898,60,362,12,14,30,
81898,60,362,12,14,30,
81931,20,362,12,7,119,
81995,NA,507,12,22,113,
82007,23,33,12,11,61,G
82056,NA,1096,12,14,620,
82102,37,507,12,26,65,G
82135,17,514,12,9,350,
82135,17,514,12,9,231,
82456,NA,656,12,13,26,
82456,NA,656,12,13,28,
82580,21,362,12,29,75,
82580,21,362,12,29,76,
82580,21,362,12,29,290,S
83029,18,174,12,9,294,
83029,18,174,12,9,231,
83170,20,71,12,24,343,G
83248,28,514,12,14,289,
83248,28,514,12,14,289,
83260,31,273,12,24,343,
83266,24,96,12,24,56,
83266,24,96,12,24,58,
83312,53,413,12,14,289,
83417,24,514,12,27,82,
83432,19,514,12,7,13,
83458,40,1096,12,24,106,
83529,NA,498,12,27,335,
83550,26,498,12,7,167,
83776,NA,96,12,14,30,
83786,56,362,12,14,30,
83795,NA,656,12,7,148,
83858,35,1096,12,22,113,G
84018,NA,810,12,14,289,
84056,NA,514,12,14,596,
84076,21,514,12,7,163,
84078,25,514,12,7,117,
84098,NA,514,12,21,120,S
84153,33,477,12,24,106,G
84262,30,514,12,14,289,
84274,22,514,12,9,19,
84283,21,514,12,7,148,
84283,21,514,12,7,67,
84283,21,514,12,7,143,
84305,NA,514,12,21,120,S
84339,19,514,12,7,426,
84339,19,514,12,7,13,
84358,22,514,12,27,174,
84442,NA,514,12,30,279,
84466,NA,514,12,22,208,
84467,28,514,12,7,67,
84467,28,514,12,7,68,B
84467,28,514,12,7,181,G
84513,36,514,12,25,297,
84513,36,514,12,25,298,
84515,34,1178,12,7,198,
84713,27,399,12,33,110,
85109,23,399,12,7,116,
85109,23,399,12,7,143,
85114,48,477,12,14,307,
85177,29,138,12,7,47,
85195,NA,1096,12,14,620,
85258,26,477,12,20,43,G
85283,22,1096,12,18,95,S
85335,29,507,12,13,21,G
85335,29,507,12,13,22,G
85335,29,507,12,13,23,
85335,29,507,12,13,25,G
85340,39,399,12,14,289,
85340,39,399,12,14,289,
85340,39,399,12,14,289,
85468,26,399,12,22,208,G
85508,40,1096,12,14,489,
85562,32,1096,12,14,289,
85830,33,1096,12,14,289,
85881,NA,362,12,27,174,
85936,77,1096,12,14,30,
85936,77,1096,12,14,30,
86011,23,273,12,29,75,
86011,23,273,12,29,76,S
86140,34,810,12,14,30,
86385,25,1012,12,29,75,
86439,33,1096,12,14,289,
86489,30,514,12,25,295,G
86490,24,514,12,7,148,
86490,24,514,12,7,143,
86494,22,514,12,7,47,S
86497,NA,514,12,22,98,
86572,32,362,12,14,289,
86572,32,362,12,14,289,
86607,32,507,12,18,255,S
86729,29,362,12,7,29,
86729,29,362,12,7,198,
86886,61,1012,12,14,30,
87022,48,810,12,14,489,
87075,22,399,12,7,115,
87076,20,399,12,7,300,
87081,NA,362,12,9,150,
87322,19,138,12,9,108,
87322,19,138,12,9,150,
87432,54,1096,12,14,289,
87432,54,1096,12,14,289,
87450,22,1012,12,7,50,
87488,24,350,12,13,21,
87488,24,350,12,13,22,B
87488,24,350,12,13,23,
87488,24,350,12,13,25,
87488,24,350,12,13,27,
87488,24,350,12,13,28,
87668,28,1096,12,21,120,B
87683,22,1096,12,29,75,
87683,22,1096,12,29,76,
87816,NA,810,12,14,289,
87816,NA,810,12,14,289,
87832,49,259,12,14,432,B
87832,49,259,12,14,30,
87848,26,498,12,7,117,G
87894,28,1096,12,20,43,B
87914,22,514,12,7,117,
87968,27,514,12,7,181,
87986,53,259,12,14,30,
87986,53,259,12,14,30,
87986,53,259,12,14,30,
88166,20,174,12,30,219,
88218,50,514,12,14,289,
88458,25,514,12,7,116,
88458,25,514,12,7,143,
88619,31,1096,12,7,142,
88706,24,45,12,7,167,
88830,20,507,12,29,75,
88830,20,507,12,29,76,G
88873,20,273,12,24,343,
88920,23,273,12,17,151,S
89125,41,514,12,14,289,
89181,24,514,12,7,48,
89377,43,413,12,14,289,
89484,48,1096,12,14,211,
89510,48,656,12,14,649,
89550,NA,656,12,33,110,
89578,NA,656,12,7,104,
89606,NA,656,12,7,50,
89608,NA,656,12,25,295,
89608,NA,656,12,25,296,
89669,26,498,12,14,289,
89707,20,1096,12,7,230,S
89739,23,514,12,7,181,B
89753,30,810,12,14,289,
89753,30,810,12,14,289,
89755,43,273,12,24,56,
89755,43,273,12,24,105,
89755,43,273,12,24,58,
89755,43,273,12,24,153,
89755,43,273,12,24,106,
89813,65,1012,12,14,289,
89813,65,1012,12,14,289,
90006,22,1096,12,7,144,
90185,18,705,12,9,350,
90185,18,705,12,9,231,S
90185,18,705,12,9,169,
90251,32,1012,12,33,110,G
90276,19,514,12,9,15,B
90414,NA,1096,12,14,620,
90438,NA,507,12,33,110,
90453,29,362,12,18,204,G
90476,23,138,12,7,101,
90476,23,138,12,7,115,
90480,22,799,12,27,111,
90489,21,799,12,27,109,
90550,21,413,12,7,104,
90550,21,413,12,7,67,
90580,27,507,12,33,110,
90594,36,705,12,25,297,G
90594,36,705,12,25,298,S
90665,21,350,12,13,21,
90665,21,350,12,13,22,B
90665,21,350,12,13,23,
90665,21,350,12,13,26,
90665,21,350,12,13,28,
90859,19,174,12,7,13,S
91241,21,419,12,7,181,
91261,37,399,12,14,289,
91266,37,810,12,24,153,
91266,37,810,12,24,106,B
91370,21,413,12,27,82,
91698,36,1096,12,14,489,
91699,70,1096,12,14,489,
91746,NA,507,12,22,113,
91751,18,507,12,22,208,S
92207,18,1096,12,9,19,
92209,71,273,12,14,289,
92209,71,273,12,14,289,
92209,71,273,12,14,289,
92273,21,507,12,29,75,G
92273,21,507,12,29,76,G
92404,48,413,12,14,289,
92412,19,413,12,22,98,
92461,NA,249,12,14,620,
92473,39,1096,12,14,289,
92476,47,413,12,14,30,
92490,24,1096,12,18,193,G
92491,26,66,12,22,378,G
92513,58,413,12,14,429,
92514,NA,174,12,7,104,
92514,NA,174,12,7,148,
92514,NA,174,12,7,67,
92553,42,362,12,14,289,
92697,26,507,12,29,290,G
92767,22,967,12,27,90,B
92825,24,174,12,22,157,
92849,25,477,12,13,21,S
92849,25,477,12,13,22,
92849,25,477,12,13,23,G
92849,25,477,12,13,24,
92849,25,477,12,13,25,S
92849,25,477,12,13,26,
92849,25,477,12,13,27,
92849,25,477,12,13,28,G
92849,25,477,12,13,751,
92883,33,350,12,18,38,S
92892,24,507,12,29,202,B
92925,32,399,12,7,119,
92925,32,399,12,7,50,
92925,32,399,12,7,143,
92993,48,1096,12,14,289,
93074,25,1096,12,7,144,
93075,25,350,12,7,163,B
93099,19,45,12,9,108,
93192,NA,138,12,9,107,
93206,NA,138,12,22,208,
93206,NA,138,12,22,98,
93223,26,507,12,9,15,
93223,26,507,12,9,292,
93251,21,45,12,27,174,
93340,NA,656,12,25,297,
93565,20,362,12,29,379,G
93597,NA,225,12,7,142,
93742,30,507,12,24,105,S
93792,26,477,12,13,21,
93792,26,477,12,13,22,
93792,26,477,12,13,23,
93792,26,477,12,13,24,
93792,26,477,12,13,25,
93792,26,477,12,13,26,
93792,26,477,12,13,487,
93846,29,705,12,7,181,
93875,50,273,12,14,307,S
93998,27,477,12,33,110,
93998,27,477,12,24,57,
94202,27,477,12,24,153,
94202,27,477,12,24,106,G
94228,25,1012,12,7,74,
94252,29,1012,12,7,116,
94252,29,1012,12,7,115,
94314,23,1062,12,11,344,
94373,NA,71,12,14,489,
94446,21,705,12,9,350,
94446,21,705,12,9,169,
94457,24,174,12,30,279,
94457,24,174,12,30,84,
94486,37,1096,12,14,289,
94708,25,1096,12,22,157,
94711,32,507,12,17,77,B
94799,33,507,12,24,105,S
94799,33,507,12,24,106,S
94812,28,350,12,18,95,G
94813,30,350,12,18,204,
94851,45,399,12,14,30,
94883,33,477,12,24,153,G
94883,33,477,12,24,106,G
94979,42,362,12,14,289,
94979,42,362,12,14,289,
95008,29,487,12,21,120,G
95082,42,362,12,24,105,G
95082,42,362,12,24,58,G
95082,42,362,12,24,153,
95142,18,174,12,9,294,
95142,18,174,12,9,350,
95142,18,174,12,9,231,
95328,48,399,12,14,30,
95328,48,399,12,14,30,
95328,48,399,12,14,30,
95432,22,507,12,22,208,S
95550,21,810,12,7,48,
95623,31,810,12,14,289,
95657,44,507,12,7,117,
95715,28,362,12,18,166,
95715,28,362,12,18,168,
95796,NA,507,12,14,30,
96001,23,656,12,7,142,
96010,NA,656,12,27,109,
96098,33,1096,12,14,489,
96098,33,1096,12,14,289,
96102,73,1096,12,14,289,
96102,73,1096,12,14,289,
96102,73,1096,12,14,289,
96102,73,1096,12,14,289,
96129,58,1096,12,14,212,S
96131,24,716,12,22,208,
96164,39,96,12,24,57,
96164,39,96,12,24,58,
96217,20,138,12,22,208,
96243,68,1096,12,14,620,
96259,34,350,12,7,117,S
96311,30,413,12,7,12,
96311,30,413,12,7,13,B
96334,20,174,12,7,48,
96334,20,174,12,7,181,
96583,NA,362,12,30,279,
96622,21,413,12,7,119,
96664,17,1096,12,30,146,G
96779,21,174,12,22,113,B
96901,28,507,12,7,332,
96916,NA,96,12,14,474,
96982,20,656,12,24,56,
96982,20,656,12,24,105,
96982,20,656,12,24,57,
96982,20,656,12,24,58,
96988,50,656,12,24,57,
96988,50,656,12,24,58,
97029,70,362,12,14,289,
97048,NA,174,12,9,409,
97069,22,1096,12,7,167,
97252,25,507,12,22,157,B
97253,41,138,12,22,98,
97315,NA,413,12,14,596,
97315,NA,413,12,14,289,
97315,NA,413,12,14,289,
97345,25,259,12,17,127,S
97432,20,138,12,7,116,
97432,20,138,12,7,119,
97574,21,716,12,27,109,
97577,NA,1096,12,14,289,
97577,NA,1096,12,14,289,
97577,NA,1096,12,14,289,
97590,32,350,12,7,50,
97609,44,413,12,14,289,
97609,44,413,12,14,289,
97609,44,413,12,14,289,
97609,44,413,12,14,289,
97609,44,413,12,14,289,
97653,42,1096,12,14,30,
97653,42,1096,12,14,30,
97653,42,1096,12,14,30,
97913,62,66,12,14,289,
97913,62,66,12,14,289,
97974,NA,362,12,7,332,
98019,27,273,12,14,289,
98120,31,399,12,20,43,S
98121,26,399,12,20,43,S
98128,39,399,12,14,289,
98253,43,399,12,14,30,
98315,29,507,12,24,57,
98315,29,507,12,24,58,S
98462,22,350,12,7,181,
98584,31,138,12,22,114,
98644,NA,656,12,7,104,
98753,22,362,12,29,252,B
98756,23,413,12,7,116,
98756,23,413,12,7,143,S
98880,23,174,12,7,74,
98881,22,413,12,22,98,
98929,23,138,12,7,68,
99124,26,413,12,11,340,
99124,26,527,12,11,344,S
99217,NA,174,12,7,101,
99246,15,1096,12,30,219,S
99363,46,816,12,26,64,
99389,26,138,12,22,98,
99455,24,1096,12,7,68,S
99694,23,413,12,7,104,
99702,NA,413,12,18,193,
99787,26,350,12,9,19,
99800,25,350,12,18,152,
99804,25,350,12,7,48,
99874,23,1096,12,7,74,
99888,24,399,12,33,110,
99891,25,477,12,7,198,
100207,NA,656,12,24,106,
100377,32,45,12,7,144,
100377,32,45,12,7,142,
100433,27,507,12,24,58,S
100457,56,1096,12,14,289,
100628,34,1012,12,18,71,G
100636,23,413,12,22,98,
100661,54,1096,12,14,620,
100702,NA,71,12,11,340,
100761,25,1019,12,7,48,
100800,23,1096,12,24,105,B
100800,23,1096,12,24,58,B
100860,23,1096,12,18,71,S
100941,21,71,12,7,116,
101177,27,507,12,7,332,
101248,NA,174,12,29,75,
101248,NA,174,12,29,76,
101248,NA,174,12,29,290,
101293,NA,498,12,14,289,
101293,NA,498,12,14,289,
101312,30,1096,12,26,65,
101442,60,413,12,14,289,
101442,60,413,12,14,289,
101442,60,413,12,14,289,
101480,20,45,12,27,92,G
101514,24,45,12,9,107,
101514,24,45,12,9,108,
101519,24,507,12,7,142,
101542,19,362,12,7,74,
101633,37,1096,12,14,489,
101677,26,816,12,7,104,
101707,NA,656,12,7,50,
101740,21,507,12,27,82,
101890,24,705,12,22,79,
101891,24,705,12,22,79,
101942,18,1096,12,7,13,G
101942,18,1096,12,7,300,
101968,24,180,12,11,334,B
101984,38,507,12,14,307,
102050,26,273,12,14,489,
102298,20,656,12,27,111,
102338,17,1096,12,7,181,
102419,26,1012,12,26,64,G
102457,45,1096,12,14,489,
102461,42,705,12,14,289,
102467,21,1096,12,30,146,B
102753,24,507,12,27,335,S
102841,21,1096,12,13,508,G
102868,24,1096,12,7,29,S
103012,27,507,12,27,73,S
103040,21,174,12,18,95,
103076,63,362,12,14,289,
103322,37,1096,12,14,289,
103322,37,1096,12,14,289,
103322,37,1096,12,14,289,
103322,37,1096,12,14,289,
103558,19,174,12,29,252,
103558,19,174,12,29,290,
103610,20,1096,12,7,70,
103795,NA,66,12,9,107,
103795,NA,66,12,9,15,
103795,NA,66,12,9,292,
103939,47,362,12,14,212,G
103939,47,362,12,14,489,
103939,47,362,12,14,489,
104255,18,514,12,7,300,
104410,NA,1071,12,14,649,
104410,NA,1071,12,14,649,
104473,20,514,12,20,43,
104488,NA,514,12,14,289,
104493,22,514,12,21,120,S
104574,NA,514,12,14,289,
104589,21,507,12,24,153,
104589,21,507,12,24,106,S
104727,19,1096,12,27,82,B
104749,NA,656,12,26,65,
104749,NA,656,12,26,64,
104754,23,1096,12,7,101,G
104761,22,1096,12,22,98,G
104913,22,507,12,7,67,B
104958,21,413,12,22,98,
105156,NA,656,12,7,148,
105187,NA,656,12,24,105,
105241,22,656,12,7,101,
105370,30,716,12,22,98,
105400,44,1012,12,25,362,
105400,44,1012,12,25,363,S
105503,NA,514,12,22,98,
105752,21,45,12,27,111,
105807,23,477,12,20,43,G
105936,20,514,12,13,21,
105936,20,514,12,13,22,
105936,20,514,12,13,23,
105936,20,514,12,13,25,
105936,20,514,12,13,27,
106051,NA,514,12,14,289,
106090,27,45,12,24,105,
106090,27,45,12,24,57,
106121,29,716,12,22,208,
106121,29,716,12,22,98,
106245,30,716,12,7,74,
106245,30,716,12,7,144,
106296,24,350,12,13,21,B
106296,24,350,12,13,22,B
106296,24,350,12,13,23,
106296,24,350,12,13,24,
106296,24,350,12,13,25,B
106296,24,350,12,13,26,S
106296,24,350,12,13,27,
106296,24,350,12,13,28,
106333,22,514,12,20,43,
106460,23,66,12,18,172,B
106503,65,705,12,14,289,
106503,65,705,12,14,289,
106506,22,810,12,7,426,
106516,31,273,12,18,280,
106516,31,273,12,18,95,
106547,23,399,12,17,118,
106579,19,1096,12,7,426,
106633,23,1096,12,22,114,G
106756,16,507,12,22,208,S
106789,43,1096,12,14,620,
106965,22,399,12,27,92,S
107025,28,362,12,24,57,
107025,28,362,12,24,58,G
107029,27,399,12,64,693,G
107059,22,399,12,64,693,G
107135,NA,477,12,29,75,
107318,NA,399,12,14,30,
107347,21,362,12,9,19,
107630,30,1096,12,13,21,
107630,30,1096,12,13,22,S
107630,30,1096,12,13,23,
107630,30,1096,12,13,25,
107630,30,1096,12,13,26,
107634,34,1096,12,14,289,
107675,69,1012,12,14,289,
107675,69,1012,12,14,289,
107700,20,399,12,20,43,S
107740,34,705,12,25,297,
107740,34,705,12,25,298,S
107805,19,705,12,7,12,
107805,19,705,12,7,13,
107810,35,1019,12,7,332,
107812,50,1012,12,14,289,
107843,24,1096,12,9,107,B
107847,20,399,12,20,43,S
107893,50,399,12,14,30,
107909,42,399,12,14,489,
108039,NA,675,12,14,620,
108091,64,1096,12,14,30,
108091,64,1096,12,14,30,
108148,50,705,12,14,289,
108148,50,705,12,14,289,
108233,26,507,12,29,75,S
108233,26,507,12,29,76,G
108239,37,810,12,24,153,
108239,37,810,12,24,106,B
108451,65,413,12,14,289,
108807,21,413,12,22,98,
108856,NA,138,12,20,43,
109010,22,1096,12,7,29,G
109434,27,1096,12,21,120,B
109442,31,1096,12,24,58,B
109444,19,174,12,9,409,
109458,49,1096,12,14,289,
109603,47,413,12,14,289,
109603,47,413,12,14,289,
109603,47,413,12,14,289,
109698,NA,514,12,21,120,S
109703,15,514,12,7,12,
109705,NA,514,12,22,208,
109747,20,1096,12,7,300,G
109842,19,514,12,7,70,
109916,45,154,12,14,649,
110061,NA,514,12,27,109,
110068,36,1096,12,26,64,
110088,NA,1096,12,14,289,
110088,NA,1096,12,14,289,
110088,NA,1096,12,14,289,
110259,25,810,12,7,224,
110283,42,259,12,14,289,
110283,42,259,12,14,289,
110314,22,399,12,9,19,
110320,22,399,12,7,29,
110320,22,399,12,7,198,
110320,22,399,12,7,224,
110322,37,399,12,7,332,
110577,34,96,12,14,30,
110577,34,96,12,14,30,
110577,34,96,12,14,30,
110577,34,96,12,14,30,
110577,34,96,12,14,30,
110577,34,96,12,14,30,
110577,34,96,12,14,30,
110717,48,1164,12,11,344,
110825,29,507,12,33,110,
110841,66,1096,12,14,30,
110875,47,413,12,14,289,
110875,47,413,12,14,289,
110875,47,413,12,14,289,
110881,23,1096,12,7,104,
110881,23,1096,12,7,148,S
111057,NA,487,12,21,120,G
111133,21,487,12,21,120,G
111284,18,1096,12,29,75,
111317,44,399,12,14,30,
111355,24,350,12,7,163,S
111495,65,1012,12,14,289,
111495,65,1012,12,14,289,
111533,20,1012,12,30,146,
111535,25,350,12,7,101,
111536,28,1012,12,18,172,S
111671,43,1012,12,7,117,
111694,33,259,12,17,127,G
111729,24,810,12,22,114,S
111729,24,810,12,22,208,B
111729,24,810,12,14,289,
111729,24,810,12,14,289,
111729,24,810,12,14,289,
111729,24,810,12,14,289,
111736,24,1012,12,7,50,
111737,53,1096,12,14,30,
111924,25,810,12,22,114,S
111924,25,810,12,22,208,B
112005,59,705,12,14,289,
112005,59,705,12,14,289,
112005,59,705,12,14,289,
112005,59,705,12,14,289,
112005,59,705,12,14,289,
112213,42,382,12,11,334,S
112248,NA,498,12,27,92,
112271,23,1096,12,30,279,S
112271,23,1096,12,30,84,G
112282,46,1096,12,14,489,
112284,47,1096,12,14,289,
112284,47,1096,12,14,289,
112284,47,1096,12,14,289,
112284,47,1096,12,14,289,
112284,47,1096,12,14,289,
112284,47,1096,12,14,289,
112692,23,514,12,21,120,S
112702,35,1096,12,14,289,
112702,35,1096,12,14,289,
112702,35,1096,12,14,289,
112967,28,716,12,22,208,
112967,28,716,12,22,98,
113035,33,477,12,33,110,
113207,30,477,12,26,64,B
113467,28,413,12,29,75,
113467,28,413,12,29,76,
113467,28,413,12,29,290,B
113476,26,413,12,22,378,
113493,NA,138,12,20,43,
113566,20,273,12,29,75,
113566,20,273,12,29,76,S
113666,22,399,12,27,82,
113718,35,1096,12,14,289,
113718,35,1096,12,14,289,
113728,49,1096,12,14,289,
113760,31,174,12,9,107,
113760,31,174,12,9,15,
113760,31,174,12,9,108,
113760,31,174,12,9,19,
113804,29,399,12,18,152,B
113910,20,1096,12,7,48,
113964,23,399,12,22,208,G
113971,45,1096,12,14,289,
113971,45,1096,12,14,289,
113971,45,1096,12,14,289,
114077,37,810,12,14,289,
114094,54,1096,12,14,30,
114326,28,1096,12,26,64,
114384,26,174,12,22,98,B
114409,66,399,12,14,30,
114409,66,399,12,14,30,
114520,25,71,12,30,279,
114520,25,71,12,30,84,
114631,23,1096,12,24,105,B
115034,NA,1096,12,14,307,
115082,19,967,12,27,109,G
115103,40,1096,12,14,289,
115103,40,1096,12,14,289,
115103,40,1096,12,14,289,
115233,27,716,12,22,79,S
115233,27,716,12,22,98,
115324,28,174,12,18,168,
115469,21,413,12,7,116,
115469,21,413,12,7,143,S
115533,22,174,12,30,279,
115646,23,350,12,7,116,
115664,37,399,12,17,127,B
115676,33,138,12,22,114,
115777,21,174,12,7,12,S
115777,21,174,12,7,13,S
115781,50,1012,12,14,30,
115841,24,1096,12,20,43,B
115899,38,810,12,14,30,
116047,25,96,12,14,211,
116050,25,810,12,14,289,
116050,25,810,12,14,289,
116220,18,514,12,9,15,
116283,58,259,12,14,620,S
116377,22,487,12,21,120,G
116430,24,514,12,7,163,
116529,26,1096,12,17,77,
116546,28,742,12,7,163,
116553,25,1017,12,11,344,B
116672,26,810,12,24,106,B
116739,21,33,12,11,61,G
116740,23,487,12,7,104,
116740,23,487,12,7,101,
116740,23,487,12,7,67,
116750,23,413,12,9,107,
116750,23,413,12,9,108,
116773,29,362,12,17,118,G
116802,NA,514,12,22,208,
116804,NA,514,12,18,204,
116848,58,259,12,14,289,
116944,28,1012,12,7,68,
116944,28,1012,12,7,181,S
116976,33,1012,12,18,38,G
117071,30,1019,12,14,649,
117073,NA,1096,12,14,620,
117272,23,399,12,7,74,
117272,23,399,12,7,144,
117306,21,477,12,9,108,B
117450,23,477,12,9,107,
117450,23,477,12,9,108,B
117464,26,477,12,18,255,
117512,25,477,12,27,90,
117629,26,477,12,14,289,
117682,24,507,12,7,181,
117797,NA,514,12,14,289,
117811,21,45,12,9,107,
117811,21,45,12,9,108,
117836,42,362,12,24,58,G
117865,19,514,12,7,68,
117934,NA,514,12,22,208,
117948,20,514,12,9,107,
118012,22,514,12,20,43,
118021,NA,514,12,14,289,
118026,21,514,12,13,21,
118026,21,514,12,13,22,
118026,21,514,12,13,23,
118029,39,514,12,14,30,
118035,19,514,12,7,74,
118035,19,514,12,7,144,
118094,30,1096,12,14,30,
118102,33,1096,12,14,432,
118102,33,1096,12,14,30,
118252,33,71,12,14,489,
118252,33,71,12,14,489,
118319,19,514,12,22,98,
118346,22,514,12,22,98,
118553,23,487,12,21,120,G
118609,70,1096,12,14,289,
118625,23,362,12,9,15,S
118625,23,362,12,9,292,
118670,22,477,12,26,64,
118849,NA,174,12,22,98,B
118858,16,174,12,7,426,
118914,24,413,12,18,95,
118927,29,1096,12,7,115,B
118972,27,810,12,14,30,
119242,17,350,12,13,21,
119242,17,350,12,13,22,B
119242,17,350,12,13,23,
119242,17,350,12,13,24,
119242,17,350,12,13,26,B
119272,21,1096,12,17,118,B
119276,35,507,12,24,105,S
119282,21,1096,12,17,78,
119378,21,1096,12,29,290,
119380,28,1096,12,29,379,
119387,29,507,12,14,289,
119533,27,448,12,7,104,
119539,NA,138,12,20,43,
119572,59,1096,12,14,289,
119650,53,71,12,14,30,
119650,53,71,12,14,30,
119654,NA,96,12,14,289,
119732,25,174,12,22,98,B
119741,28,1012,12,33,110,
119741,28,1012,12,24,57,
119768,19,1096,12,29,202,
119793,23,716,12,27,111,
119797,27,174,12,18,204,
119838,25,413,12,7,50,
119907,24,716,12,22,79,S
119907,24,716,12,22,98,
119947,21,1096,12,9,107,
119998,31,1096,12,25,297,S
119998,31,1096,12,25,298,G
120015,53,1096,12,14,289,
120031,43,71,12,14,30,
120031,43,71,12,14,30,
120038,44,1012,12,11,340,
120466,42,1096,12,26,65,
120475,NA,656,12,27,174,
120477,49,1096,12,14,289,
120502,25,498,12,7,115,G
120502,25,498,12,7,224,
120707,22,507,12,7,67,B
120724,24,507,12,13,21,
120724,24,507,12,13,22,G
120724,24,507,12,13,23,
120724,24,507,12,13,27,
120740,33,350,12,7,142,B
120743,24,350,12,7,167,
120761,NA,514,12,20,43,
120784,23,1096,12,7,104,G
120784,23,1096,12,7,148,G
120905,NA,138,12,22,113,
120969,20,507,12,7,48,
121122,23,1096,12,7,67,G
121154,26,799,12,7,48,B
121457,31,362,12,14,30,
121457,31,362,12,14,30,
121457,31,362,12,14,30,
121457,31,362,12,14,30,
121536,21,1096,12,22,98,G
121569,20,514,12,9,108,G
121571,NA,514,12,14,289,
121581,24,507,12,18,152,
121798,NA,507,12,11,340,
121911,29,174,12,18,193,
121924,23,45,12,27,82,
122039,26,399,12,29,75,
122039,26,399,12,29,76,
122126,37,1096,12,14,289,
122380,26,514,12,7,142,
122420,28,514,12,9,19,G
122637,25,477,12,18,168,B
122678,26,507,12,7,143,
122681,NA,1096,12,17,127,
122794,19,1096,12,7,119,
122864,49,1096,12,25,362,B
122864,49,1096,12,25,363,B
122879,29,1012,12,18,255,
123312,NA,810,12,14,289,
123373,22,350,12,13,21,
123373,22,350,12,13,22,B
123373,22,350,12,13,23,
123426,33,259,12,18,136,S
123431,24,810,12,22,208,B
123486,24,656,12,7,70,
123541,24,514,12,21,120,S
123646,44,273,12,14,30,
123705,58,259,12,14,289,
123771,NA,477,12,14,489,
123974,26,45,12,24,56,
123974,26,45,12,24,105,
123983,26,656,12,24,58,
123983,26,656,12,24,153,
123983,26,656,12,24,106,
124151,62,705,12,14,289,
124219,38,1096,12,24,106,
124373,46,705,12,14,289,
124375,56,705,12,14,289,
124375,56,705,12,14,30,
124375,56,705,12,14,30,
124375,56,705,12,14,30,
124536,55,362,12,14,289,
124536,55,362,12,14,289,
124550,NA,96,12,14,489,
124570,24,705,12,29,202,G
124570,24,705,12,29,252,S
124570,24,705,12,29,379,
124746,34,705,12,25,297,
124746,34,705,12,25,298,S
124781,49,705,12,14,289,
124813,NA,96,12,14,30,
124827,22,1096,12,7,48,S
124860,29,705,12,33,110,
124919,NA,987,12,11,344,
125036,25,1096,12,18,254,G
125056,25,507,12,7,117,
125090,30,362,12,22,79,
125091,23,362,12,22,79,
125098,20,174,12,7,12,
125211,25,413,12,9,231,B
125281,22,45,12,27,109,
125371,22,656,12,7,119,
125522,20,507,12,22,208,S
125929,24,96,12,14,211,B
126099,21,487,12,7,104,
126099,21,487,12,7,148,
126099,21,487,12,7,67,
126158,31,477,12,20,43,G
126221,24,507,12,22,98,S
126254,42,362,12,14,30,
126254,42,362,12,14,30,
126254,42,362,12,14,30,
126254,42,362,12,14,30,
126296,24,362,12,24,343,
126443,26,705,12,9,294,
126443,26,705,12,9,231,S
126474,NA,362,12,7,167,
126612,NA,656,12,26,65,
126620,19,799,12,27,174,B
126630,19,138,12,9,107,
126630,19,138,12,9,108,
126663,NA,656,12,9,15,
126663,NA,656,12,9,292,
126743,26,1012,12,18,193,
126794,27,350,12,7,74,B
126794,27,350,12,7,144,B
126794,27,350,12,7,142,
126841,68,567,12,14,289,
126841,68,567,12,14,289,
126841,68,567,12,14,289,
126841,68,567,12,14,289,
126841,68,567,12,14,289,
126841,68,567,12,14,289,
126841,68,567,12,14,289,
127051,NA,45,12,26,64,
127292,22,1096,12,7,12,B
127292,22,1096,12,7,13,G
127305,22,399,12,22,98,
127326,59,399,12,14,30,
127344,66,1012,12,14,474,
127344,66,1012,12,14,289,
127344,66,1012,12,14,289,
127409,28,1012,12,25,295,B
127409,28,1012,12,25,296,
127409,28,1012,12,25,297,B
127409,28,1012,12,25,298,
127410,29,1012,12,14,30,
127410,29,1012,12,14,30,
127410,29,1012,12,14,30,
127796,52,399,12,14,30,
127828,NA,174,12,7,50,
127976,18,413,12,9,15,
127987,20,810,12,7,230,B
128025,21,810,12,7,12,G
128025,21,810,12,7,230,
128056,45,399,12,14,289,
128095,18,174,12,9,150,
128159,33,892,12,11,61,S
128216,56,1012,12,14,429,G
128216,56,1012,12,14,289,
128216,56,1012,12,14,289,
128216,56,1012,12,14,289,
128216,56,1012,12,14,289,
128296,NA,362,12,27,92,
128324,24,967,12,7,148,
128324,24,967,12,7,116,
128665,21,477,12,9,107,
128665,21,477,12,9,108,B
128777,24,1096,12,7,143,G
128902,15,514,12,7,12,
128902,15,514,12,7,13,
128964,61,413,12,14,289,
128964,61,413,12,14,289,
129033,NA,96,12,14,289,
129065,20,66,12,7,12,
129100,17,413,12,7,426,
129100,17,413,12,7,13,B
129158,40,1096,12,14,289,
129158,40,1096,12,14,289,
129158,40,1096,12,14,289,
129158,40,1096,12,14,289,
129158,40,1096,12,14,289,
129158,40,1096,12,14,289,
129158,40,1096,12,14,289,
129158,40,1096,12,14,289,
129158,40,1096,12,14,289,
129187,22,33,12,11,61,G
129261,23,399,12,7,101,
129261,23,399,12,7,224,
129360,24,399,12,7,163,
129519,47,399,12,14,289,
129519,47,399,12,14,289,
129519,47,399,12,14,289,
129554,25,399,12,7,101,
129757,59,1096,12,14,289,
129775,32,1096,12,14,289,
129775,32,1096,12,14,289,
129775,32,1096,12,14,289,
129775,32,1096,12,14,289,
129812,40,1012,12,14,211,
129818,36,1012,12,18,136,G
129832,51,705,12,14,474,B
129832,51,705,12,14,289,
129901,45,705,12,14,289,
129939,31,1096,12,14,30,
129939,31,1096,12,14,30,
129948,52,1096,12,14,30,
129951,39,498,12,14,289,
130054,25,413,12,9,107,
130054,25,413,12,9,108,
130075,38,1096,12,14,489,
130314,30,1096,12,14,289,
130314,30,1096,12,14,289,
130329,52,742,12,14,649,
130406,18,1096,12,7,12,
130416,19,1096,12,20,43,B
130651,24,174,12,7,104,
130651,24,174,12,7,67,
130759,26,1096,12,14,289,
130759,26,1096,12,14,289,
130759,26,1096,12,14,289,
130759,26,1096,12,14,289,
130759,26,1096,12,14,289,
130759,26,1096,12,14,289,
130759,26,1096,12,14,289,
130759,26,1096,12,14,289,
130759,26,1096,12,14,289,
130759,26,1096,12,14,289,
130759,26,1096,12,14,289,
130759,26,1096,12,14,289,
130770,41,705,12,14,489,
130770,41,705,12,14,289,
130777,22,174,12,7,426,
130779,24,174,12,7,116,B
130779,24,174,12,7,119,S
130779,24,174,12,7,143,B
130842,NA,180,12,11,334,B
130921,43,1096,12,14,289,
131051,26,362,12,7,29,
131051,26,362,12,7,198,B
131170,23,399,12,29,75,
131170,23,399,12,29,76,
131212,31,138,12,7,224,
131221,34,1096,12,25,295,
131221,34,1096,12,25,296,
131332,17,1096,12,13,751,G
131370,37,399,12,14,289,
131382,33,399,12,17,118,S
131385,17,413,12,9,409,
131388,28,1096,12,21,120,B
131467,43,413,12,14,289,
131697,35,413,12,7,142,
131703,23,174,12,7,104,
131703,23,174,12,7,148,
131703,23,174,12,7,67,
131734,26,174,12,22,378,
131929,22,1096,12,7,67,G
131939,54,1164,12,11,344,
131947,NA,174,12,9,19,
132288,35,514,12,14,289,
132313,49,514,12,25,297,
132313,49,514,12,25,298,
132751,60,498,12,14,289,
133004,29,799,12,9,19,B
133038,NA,514,12,9,231,
133038,NA,514,12,9,169,
133048,18,514,12,9,15,
133048,18,514,12,9,108,G
133133,NA,514,12,18,165,
133162,23,514,12,7,104,
133162,23,514,12,7,148,
133162,23,514,12,7,67,
133192,62,1096,12,14,289,
133192,62,1096,12,14,289,
133192,62,1096,12,14,289,
133192,62,1096,12,14,289,
133192,62,1096,12,14,289,
133192,62,1096,12,14,289,
133226,54,1096,12,14,289,
133226,54,1096,12,14,289,
133226,54,1096,12,14,289,
133226,54,1096,12,14,289,
133226,54,1096,12,14,289,
133226,54,1096,12,14,289,
133226,54,1096,12,14,289,
133226,54,1096,12,14,289,
133226,54,1096,12,14,432,G
133226,54,1096,12,14,30,
133226,54,1096,12,14,30,
133226,54,1096,12,14,30,
133226,54,1096,12,14,30,
133226,54,1096,12,14,30,
133226,54,1096,12,14,30,
133226,54,1096,12,14,30,
133284,30,350,12,7,224,
133534,17,514,12,9,108,G
133579,20,45,12,7,142,G
133687,21,1096,12,17,77,
133749,31,259,12,14,30,
134016,24,1096,12,7,117,B
134046,45,656,12,14,649,
134241,16,1096,12,9,150,
134262,38,399,12,14,307,
134385,NA,419,12,18,255,
134385,NA,419,12,18,193,
134967,NA,656,12,9,19,
134975,26,399,12,27,174,S
135173,58,362,12,14,289,
135173,58,362,12,14,289,
135226,NA,477,12,18,165,
135226,NA,477,12,18,254,
135227,25,477,12,18,280,
135227,25,477,12,18,193,S
135238,45,1096,12,14,30,
135264,22,507,12,26,64,
